{"stats":{"minecraft:custom":{"minecraft:interact_with_crafting_table":93,"minecraft:open_barrel":105,"minecraft:leave_game":33,"minecraft:time_since_death":28594,"minecraft:sprint_one_cm":864604,"minecraft:damage_blocked_by_shield":8190,"minecraft:drop":660,"minecraft:talked_to_villager":945,"minecraft:play_time":680116,"minecraft:deaths":22,"minecraft:jump":5453,"minecraft:interact_with_brewingstand":7,"minecraft:walk_on_water_one_cm":139278,"minecraft:interact_with_furnace":52,"minecraft:traded_with_villager":352,"minecraft:sleep_in_bed":9,"minecraft:damage_dealt":42861,"minecraft:crouch_one_cm":101901,"minecraft:interact_with_smoker":1,"minecraft:inspect_dispenser":4,"minecraft:horse_one_cm":280738,"minecraft:interact_with_anvil":6,"minecraft:mob_kills":288,"minecraft:interact_with_campfire":3,"minecraft:climb_one_cm":10551,"minecraft:walk_one_cm":2019331,"minecraft:sneak_time":41203,"minecraft:walk_under_water_one_cm":78226,"minecraft:boat_one_cm":908589,"minecraft:interact_with_blast_furnace":1,"minecraft:total_world_time":680116,"minecraft:time_since_rest":28621,"minecraft:damage_taken":18826,"minecraft:swim_one_cm":211738,"minecraft:fly_one_cm":1975982,"minecraft:open_chest":279,"minecraft:fall_one_cm":99591},"minecraft:broken":{"minecraft:iron_axe":1,"minecraft:iron_pickaxe":1},"minecraft:mined":{"dungeonnowloading:iron_ingot_pile":7,"minecraft:spruce_planks":110,"minecraft:white_bed":5,"minecraft:mossy_stone_brick_slab":2,"minecraft:spruce_trapdoor":2,"minecraft:cave_vines_plant":3,"minecraft:stone_brick_wall":2,"minecraft:grass_block":201,"betternether:blue_crying_obsidian":1,"minecraft:coal_block":41,"minecraft:deepslate_bricks":7,"minecraft:composter":1,"minecraft:chiseled_stone_bricks":1,"minecraft:spawner":13,"minecraft:smooth_stone":22,"minecraft:tall_seagrass":6,"minecraft:raw_iron_block":1,"minecraft:magma_block":5,"minecraft:iron_ore":53,"minecraft:barrel":24,"minecraft:fire":11,"minecraft:cobbled_deepslate":33,"minecraft:anvil":1,"minecraft:cave_vines":15,"minecraft:oak_stairs":3,"minecraft:iron_bars":17,"minecraft:spruce_pressure_plate":4,"minecraft:spruce_wood":1,"minecraft:azalea":1,"minecraft:spruce_slab":19,"minecraft:red_bed":4,"minecraft:kelp_plant":51,"minecraft:deepslate_tile_slab":1,"minecraft:clay":4,"minecraft:torch":28,"minecraft:calcite":1,"minecraft:chest":3,"minecraft:cobblestone":47,"minecraft:oak_planks":4,"minecraft:damaged_anvil":2,"minecraft:iron_door":2,"minecraft:wall_torch":32,"minecraft:seagrass":3,"minecraft:chain":1,"minecraft:wheat":72,"minecraft:blue_ice":29,"minecraft:stripped_oak_wood":1,"minecraft:smooth_stone_slab":5,"minecraft:stone_brick_stairs":4,"minecraft:grass":873,"dungeonnowloading:explosive_barrel":10,"minecraft:oak_log":102,"minecraft:sand":3,"minecraft:dirt":30,"minecraft:netherrack":5,"minecraft:deepslate":295,"minecraft:infested_deepslate":2,"minecraft:suspicious_gravel":1,"minecraft:diamond_ore":1,"minecraft:tuff":60,"minecraft:mossy_cobblestone":22,"minecraft:deepslate_diamond_ore":6,"minecraft:candle":1,"minecraft:spruce_fence":4,"minecraft:decorated_pot":8,"dungeonnowloading:book_pile":1,"minecraft:redstone_wire":3,"minecraft:spruce_leaves":13,"minecraft:moss_block":3,"minecraft:kelp":14,"minecraft:large_fern":10,"minecraft:hay_block":87,"minecraft:oak_trapdoor":1,"minecraft:furnace":4,"minecraft:raw_gold_block":18,"minecraft:polished_basalt":1,"minecraft:andesite":2,"minecraft:gold_block":18,"minecraft:polished_deepslate":2,"minecraft:deepslate_iron_ore":5,"minecraft:vine":6,"minecraft:lantern":2,"minecraft:stripped_oak_log":2,"minecraft:stone":309,"minecraft:bone_block":17,"minecraft:oak_slab":2,"dungeonnowloading:mossy_cobblestone_pebbles":2,"minecraft:infested_stone_bricks":2,"minecraft:dandelion":2,"minecraft:crafting_table":30,"minecraft:cornflower":1,"minecraft:lectern":320,"minecraft:stone_slab":1,"minecraft:tall_grass":196,"minecraft:lapis_ore":1,"minecraft:lily_pad":1,"minecraft:cracked_deepslate_bricks":4,"minecraft:spruce_stairs":1,"minecraft:sweet_berry_bush":17,"minecraft:ice":12,"betternether:blue_obsidian":1,"minecraft:spruce_log":285,"minecraft:yellow_bed":1,"minecraft:coal_ore":1,"minecraft:flower_pot":1,"minecraft:gravel":21,"minecraft:cobweb":15,"minecraft:cracked_stone_bricks":8,"minecraft:oak_button":3,"minecraft:polished_andesite":10,"minecraft:stone_bricks":30,"minecraft:mossy_stone_bricks":25,"minecraft:gold_ore":1,"minecraft:fern":12,"dungeonnowloading:spikes":18},"minecraft:killed_by":{"minecraft:creeper":1,"minecraft:drowned":1,"minecraft:zombie":4,"minecraft:player":3,"dungeonnowloading:hollow":2,"minecraft:skeleton":9},"minecraft:killed":{"minecraft:cave_spider":6,"minecraft:spider":28,"minecraft:skeleton":40,"minecraft:silverfish":31,"minecraft:creeper":5,"minecraft:sheep":11,"minecraft:pillager":1,"minecraft:zombie":103,"minecraft:stray":7,"mythicmounts:acencia":1,"dungeonnowloading:spawner_carrier":5,"minecraft:endermite":1,"minecraft:vindicator":1,"minecraft:slime":2,"minecraft:drowned":17,"minecraft:snow_golem":2,"minecraft:bat":1},"minecraft:crafted":{"minecraft:oak_planks":96,"minecraft:bookshelf":1,"minecraft:suspicious_stew":7,"minecraft:iron_boots":1,"minecraft:chest":6,"minecraft:oak_slab":18,"minecraft:wooden_shovel":1,"minecraft:emerald":801,"dungeonnowloading:spawner_frame":13,"minecraft:diamond_axe":1,"minecraft:crafting_table":13,"minecraft:spruce_planks":1116,"minecraft:iron_helmet":2,"minecraft:wooden_pickaxe":3,"minecraft:baked_potato":3,"minecraft:spruce_door":3,"minecraft:gold_block":2,"minecraft:spruce_trapdoor":8,"minecraft:lectern":1,"minecraft:iron_chestplate":1,"minecraft:diamond_pickaxe":2,"minecraft:emerald_block":59,"minecraft:shield":5,"minecraft:stick":40,"minecraft:iron_ingot":24,"minecraft:iron_pickaxe":2,"minecraft:composter":1,"minecraft:golden_carrot":78,"minecraft:cookie":144,"minecraft:coal":9,"minecraft:furnace":2,"minecraft:iron_axe":2,"minecraft:spruce_slab":12,"minecraft:stone_pickaxe":5,"minecraft:spruce_boat":3,"minecraft:wheat":180,"minecraft:coal_block":1,"minecraft:dried_kelp":25,"minecraft:bucket":2,"minecraft:stone_axe":1,"minecraft:enchanted_book":17,"minecraft:bread":126,"minecraft:air":0,"minecraft:oak_boat":1,"minecraft:white_wool":4,"minecraft:wooden_axe":11,"minecraft:iron_leggings":2,"minecraft:white_bed":1,"minecraft:pumpkin_pie":48,"minecraft:torch":32},"minecraft:dropped":{"minecraft:candle":1,"minecraft:moss_block":1,"minecraft:baked_potato":1,"minecraft:glass_bottle":12,"minecraft:crafting_table":8,"minecraft:decorated_pot":3,"minecraft:cookie":144,"minecraft:glow_berries":12,"dungeonnowloading:cobblestone_pebble":23,"minecraft:lantern":1,"minecraft:cracked_stone_bricks":4,"minecraft:leather_helmet":2,"minecraft:flint":2,"minecraft:emerald":1,"minecraft:ice":1,"betternether:blue_crying_obsidian":1,"minecraft:snowball":38,"minecraft:chain":1,"minecraft:writable_book":9,"minecraft:wooden_sword":1,"minecraft:iron_pickaxe":3,"minecraft:fishing_rod":1,"minecraft:bone":41,"minecraft:gold_ingot":5,"minecraft:gravel":18,"minecraft:emerald_block":20,"minecraft:sugar_cane":1,"minecraft:golden_chestplate":1,"minecraft:cobbled_deepslate":138,"dungeonnowloading:spawner_leggings":1,"minecraft:wheat":5,"minecraft:rotten_flesh":6,"dungeonnowloading:mossy_cobblestone_pebble":12,"minecraft:oak_planks":25,"create:asurine":24,"dungeonnowloading:spawner_chestplate":1,"minecraft:chainmail_chestplate":2,"minecraft:tipped_arrow":10,"minecraft:gunpowder":16,"minecraft:charcoal":2,"minecraft:spruce_pressure_plate":3,"minecraft:stone_brick_wall":1,"minecraft:leather_boots":3,"minecraft:azalea":6,"minecraft:leather_leggings":2,"minecraft:spruce_slab":3,"minecraft:iron_bars":5,"minecraft:arrow":19,"minecraft:lectern":1,"minecraft:egg":1,"minecraft:enchanted_book":27,"minecraft:golden_boots":2,"minecraft:iron_ingot":2,"minecraft:oak_slab":10,"minecraft:wheat_seeds":149,"minecraft:golden_helmet":1,"minecraft:mossy_cobblestone":14,"minecraft:diamond_leggings":1,"minecraft:iron_helmet":4,"minecraft:cobblestone":4,"minecraft:book":147,"minecraft:chainmail_helmet":2,"minecraft:coal":18,"minecraft:stick":48,"minecraft:polished_andesite":6,"minecraft:torch":7,"minecraft:wooden_axe":9,"minecraft:iron_door":1,"paladins:priest_robe_legs":1,"minecraft:potion":2,"minecraft:iron_leggings":3,"minecraft:oak_stairs":1,"minecraft:flowering_azalea":2,"minecraft:iron_axe":4,"minecraft:smooth_stone":15,"minecraft:paper":3,"minecraft:chainmail_leggings":2,"minecraft:string":1320,"minecraft:lily_pad":5,"minecraft:tripwire_hook":1,"minecraft:bucket":4,"minecraft:music_disc_cat":1,"create:raw_zinc":5,"minecraft:spruce_sapling":51,"minecraft:redstone":2,"minecraft:snow_block":5,"minecraft:moss_carpet":3,"minecraft:kelp":5,"minecraft:oak_trapdoor":2,"minecraft:bowl":4,"minecraft:smooth_stone_slab":3,"minecraft:tuff":45,"minecraft:raw_iron":1,"minecraft:clay_ball":16,"minecraft:iron_boots":4,"minecraft:name_tag":3,"minecraft:spruce_fence":1,"dungeonnowloading:spawner_fragment":5,"minecraft:suspicious_stew":10,"minecraft:deepslate_bricks":8,"minecraft:filled_map":6,"minecraft:potato":419,"minecraft:hay_block":4,"minecraft:spruce_boat":1,"minecraft:shield":4,"dungeonnowloading:spawner_boots":1,"minecraft:spruce_planks":1,"minecraft:iron_chestplate":5,"paladins:iron_claymore":1,"minecraft:diamond_pickaxe":1,"minecraft:andesite":1,"minecraft:mossy_stone_bricks":19,"minecraft:oak_sapling":24,"minecraft:golden_leggings":1,"minecraft:oak_boat":1,"minecraft:golden_sword":1,"minecraft:spider_eye":7,"minecraft:barrel":3,"minecraft:stone_bricks":17,"minecraft:spruce_log":58,"minecraft:slime_ball":6,"minecraft:bow":2,"minecraft:stone_pickaxe":2,"minecraft:wooden_pickaxe":1,"minecraft:raw_gold":1,"minecraft:cracked_deepslate_bricks":1,"minecraft:calcite":2,"dungeonnowloading:spawner_frame":1},"minecraft:used":{"minecraft:moss_block":1,"minecraft:writable_book":1,"minecraft:polished_deepslate":4,"mythicmounts:acencia_spawn_egg":2,"minecraft:spruce_slab":34,"minecraft:polished_basalt":1,"minecraft:decorated_pot":2,"minecraft:chest":27,"minecraft:shield":125,"minecraft:rotten_flesh":135,"minecraft:mossy_stone_brick_slab":2,"minecraft:iron_chestplate":2,"dungeonnowloading:wooden_wall_rack":2,"minecraft:deepslate_tile_slab":1,"minecraft:tuff":23,"minecraft:snowball":2,"minecraft:obsidian":3,"minecraft:spruce_boat":9,"minecraft:lava_bucket":10,"minecraft:netherite_shovel":243,"minecraft:villager_spawn_egg":22,"minecraft:grass_block":168,"minecraft:lantern":3,"minecraft:iron_helmet":3,"minecraft:stone_brick_stairs":2,"minecraft:stone_bricks":25,"minecraft:bow":60,"minecraft:sweet_berries":28,"minecraft:oak_sapling":4,"minecraft:furnace":9,"minecraft:egg":1,"minecraft:gray_banner":1,"dungeonnowloading:wooden_wall_platform":1,"minecraft:diamond_boots":2,"minecraft:mossy_stone_bricks":5,"minecraft:leather_leggings":2,"minecraft:spruce_door":3,"minecraft:stone_pickaxe":331,"minecraft:oak_planks":54,"minecraft:wooden_pickaxe":12,"paladins:diamond_claymore":219,"minecraft:chainmail_helmet":2,"minecraft:composter":1,"minecraft:diamond_axe":443,"minecraft:glow_berries":21,"minecraft:sand":3,"minecraft:stone_brick_wall":1,"dungeonnowloading:spawner_boots":1,"minecraft:lingering_potion":1,"minecraft:bread":49,"minecraft:lectern":648,"minecraft:iron_door":1,"minecraft:gravel":4,"minecraft:stripped_oak_wood":8,"minecraft:smooth_stone_slab":3,"minecraft:ice":1,"minecraft:oak_boat":3,"dungeonnowloading:spawner_leggings":1,"minecraft:iron_bars":3,"minecraft:cracked_deepslate_bricks":4,"minecraft:flint_and_steel":2,"minecraft:dried_kelp":26,"minecraft:spruce_planks":418,"minecraft:wooden_shovel":6,"minecraft:cooked_salmon":1,"minecraft:netherrack":1,"minecraft:torch":100,"minecraft:dirt":55,"minecraft:anvil":1,"minecraft:chainmail_chestplate":2,"minecraft:spruce_stairs":1,"minecraft:diamond_helmet":2,"minecraft:golden_shovel":3,"minecraft:spruce_fence":1,"minecraft:wooden_axe":378,"minecraft:iron_axe":513,"minecraft:oak_stairs":1,"minecraft:iron_boots":3,"minecraft:barrel":8,"minecraft:diamond_chestplate":2,"minecraft:golden_carrot":18,"minecraft:cooked_beef":5,"dungeonnowloading:spawner_chestplate":1,"minecraft:cobbled_deepslate":167,"minecraft:iron_leggings":2,"minecraft:wheat_seeds":72,"minecraft:cooked_mutton":3,"minecraft:water_bucket":197,"minecraft:polished_andesite":3,"minecraft:baked_potato":3,"minecraft:spruce_fence_gate":4,"minecraft:leather_boots":1,"minecraft:deepslate_bricks":3,"dungeonnowloading:dungeon_wall_torch":1,"minecraft:cracked_stone_bricks":3,"minecraft:mossy_cobblestone":2,"betternether:blue_obsidian":1,"minecraft:crafting_table":36,"minecraft:oak_slab":2,"minecraft:red_bed":5,"minecraft:white_bed":6,"minecraft:book":5,"minecraft:oak_log":2,"minecraft:diamond_pickaxe":368,"minecraft:apple":94,"minecraft:iron_pickaxe":497,"minecraft:leather_helmet":3,"minecraft:stone_slab":1,"minecraft:suspicious_stew":4,"minecraft:spruce_trapdoor":12,"minecraft:stone_axe":3,"minecraft:enchanted_book":1,"minecraft:fishing_rod":1,"minecraft:purple_bed":1,"minecraft:cobblestone":48,"minecraft:potion":7,"minecraft:bucket":197,"minecraft:pumpkin_pie":10,"minecraft:yellow_bed":1,"minecraft:stripped_oak_log":2,"minecraft:diamond_leggings":2,"minecraft:splash_potion":4,"minecraft:smooth_stone":5,"minecraft:chainmail_leggings":2},"minecraft:picked_up":{"minecraft:wooden_axe":5,"minecraft:iron_chestplate":7,"minecraft:wheat":145,"minecraft:anvil":2,"minecraft:suspicious_stew":1,"minecraft:stone_slab":1,"minecraft:oak_stairs":2,"minecraft:potion":11,"minecraft:enchanted_book":44,"minecraft:stone_brick_stairs":2,"minecraft:golden_sword":1,"minecraft:polished_deepslate":4,"minecraft:music_disc_cat":3,"minecraft:string":2578,"minecraft:cooked_salmon":1,"betternether:blue_obsidian":1,"minecraft:smooth_stone_slab":8,"minecraft:iron_leggings":2,"minecraft:diamond_leggings":2,"minecraft:smooth_stone":25,"minecraft:cobbled_deepslate":458,"minecraft:bucket":2,"minecraft:spruce_planks":271,"minecraft:calcite":2,"minecraft:azalea":6,"dungeonnowloading:mossy_cobblestone_pebble":13,"minecraft:iron_pickaxe":5,"minecraft:coal_block":42,"minecraft:iron_boots":5,"minecraft:furnace":7,"minecraft:tipped_arrow":13,"minecraft:golden_helmet":1,"minecraft:spruce_pressure_plate":3,"minecraft:stick":100,"paladins:diamond_claymore":1,"minecraft:torch":90,"minecraft:spruce_stairs":1,"minecraft:snow_block":5,"minecraft:dried_kelp":4,"minecraft:golden_chestplate":2,"minecraft:rotten_flesh":212,"minecraft:polished_basalt":2,"create:asurine":24,"minecraft:iron_bars":14,"minecraft:snowball":40,"minecraft:cobblestone":340,"minecraft:cooked_beef":59,"jewelry:gold_ring":1,"minecraft:iron_door":2,"minecraft:water_bucket":1,"minecraft:andesite":2,"minecraft:golden_leggings":1,"minecraft:potato":125,"minecraft:flint":3,"minecraft:tuff":77,"create:raw_zinc":5,"minecraft:lapis_lazuli":50,"minecraft:dirt":69,"minecraft:lantern":4,"minecraft:name_tag":5,"minecraft:leather_boots":2,"minecraft:bone":54,"minecraft:bow":5,"minecraft:wheat_seeds":365,"minecraft:raw_gold":1,"dungeonnowloading:dungeon_wall_torch":1,"minecraft:mossy_stone_bricks":24,"minecraft:diamond_helmet":2,"minecraft:moss_block":2,"minecraft:oak_planks":59,"minecraft:cooked_porkchop":8,"dungeonnowloading:spawner_frame":3,"dungeonnowloading:spawner_boots":1,"minecraft:sand":3,"dungeonnowloading:wooden_wall_rack":2,"minecraft:barrel":3,"minecraft:mossy_cobblestone":19,"minecraft:polished_andesite":9,"minecraft:diamond":14,"minecraft:spruce_boat":7,"waystones:waystone":3,"minecraft:writable_book":8,"minecraft:crossbow":1,"minecraft:chainmail_helmet":1,"minecraft:emerald":200,"minecraft:bread":126,"minecraft:oak_sapling":28,"minecraft:netherrack":2,"minecraft:diamond_pickaxe":1,"minecraft:charcoal":3,"minecraft:crafting_table":36,"dungeonnowloading:wooden_wall_platform":1,"minecraft:chicken":1,"dungeonnowloading:spawner_leggings":1,"minecraft:splash_potion":13,"minecraft:clay_ball":32,"betternether:blue_crying_obsidian":1,"minecraft:leather_leggings":2,"minecraft:brown_mushroom":9,"dungeonnowloading:cobblestone_pebble":26,"minecraft:stone_brick_wall":2,"minecraft:gold_block":18,"minecraft:chain":1,"minecraft:shield":3,"minecraft:cornflower":1,"minecraft:oak_trapdoor":2,"minecraft:red_bed":5,"minecraft:moss_carpet":3,"minecraft:iron_axe":5,"minecraft:wooden_sword":2,"dungeonnowloading:spawner_fragment":55,"minecraft:cracked_stone_bricks":8,"minecraft:candle":1,"minecraft:oak_boat":3,"minecraft:spruce_slab":22,"minecraft:lectern":321,"minecraft:sugar_cane":17,"minecraft:chest":3,"minecraft:spruce_trapdoor":4,"minecraft:egg":2,"minecraft:raw_iron":57,"minecraft:raw_gold_block":17,"minecraft:spruce_fence":4,"minecraft:carrot":1,"minecraft:redstone":2,"minecraft:arrow":157,"dungeonnowloading:spawner_chestplate":1,"minecraft:diamond_chestplate":1,"minecraft:decorated_pot":5,"minecraft:pumpkin_pie":48,"minecraft:deepslate_bricks":11,"minecraft:diamond_boots":1,"minecraft:hay_block":88,"minecraft:cracked_deepslate_bricks":5,"minecraft:saddle":1,"minecraft:gold_ingot":4,"minecraft:glow_berries":73,"minecraft:mutton":3,"minecraft:bone_block":10,"minecraft:white_wool":11,"minecraft:stripped_oak_log":2,"minecraft:golden_carrot":70,"minecraft:tripwire_hook":1,"minecraft:salmon":18,"minecraft:filled_map":1,"minecraft:ice":2,"minecraft:oak_log":158,"minecraft:chainmail_chestplate":1,"minecraft:lily_pad":5,"minecraft:golden_boots":2,"minecraft:yellow_bed":1,"minecraft:gunpowder":17,"minecraft:deepslate_tile_slab":1,"minecraft:cooked_mutton":5,"minecraft:apple":47,"minecraft:stone_bricks":31,"minecraft:kelp":402,"minecraft:spruce_wood":1,"minecraft:iron_ingot":93,"minecraft:stone_pickaxe":1,"minecraft:stripped_oak_wood":1,"minecraft:glass_bottle":6,"minecraft:iron_sword":1,"minecraft:flowering_azalea":2,"minecraft:book":124,"minecraft:oak_slab":5,"minecraft:emerald_block":20,"minecraft:sweet_berries":28,"minecraft:dandelion":4,"minecraft:raw_iron_block":1,"minecraft:gravel":24,"minecraft:spruce_sapling":197,"minecraft:white_bed":5,"minecraft:spruce_log":507,"minecraft:mossy_stone_brick_slab":2,"minecraft:spruce_door":2,"minecraft:spider_eye":12,"usefulbackpacks:backpack_large":1,"minecraft:leather_helmet":2,"minecraft:slime_ball":12,"minecraft:gray_banner":1,"minecraft:chainmail_leggings":1,"minecraft:iron_helmet":2,"minecraft:diamond_axe":1,"minecraft:baked_potato":1,"minecraft:damaged_anvil":4,"minecraft:coal":31}},"DataVersion":3465}