{"stats":{"minecraft:crafted":{"minecraft:iron_boots":1,"minecraft:chest":2,"minecraft:wooden_shovel":1,"dungeonnowloading:spawner_frame":13,"minecraft:crafting_table":10,"minecraft:spruce_planks":988,"minecraft:iron_helmet":2,"minecraft:wooden_pickaxe":3,"minecraft:baked_potato":3,"minecraft:spruce_door":3,"minecraft:spruce_trapdoor":8,"minecraft:iron_chestplate":1,"minecraft:diamond_pickaxe":1,"minecraft:shield":5,"minecraft:stick":28,"minecraft:iron_pickaxe":1,"minecraft:iron_ingot":24,"minecraft:furnace":2,"minecraft:iron_axe":1,"minecraft:spruce_slab":12,"minecraft:stone_pickaxe":5,"minecraft:spruce_boat":3,"minecraft:wheat":171,"minecraft:dried_kelp":25,"minecraft:bucket":1,"minecraft:stone_axe":1,"minecraft:bread":66,"minecraft:air":0,"minecraft:white_wool":4,"minecraft:wooden_axe":11,"minecraft:iron_leggings":2,"minecraft:white_bed":1},"minecraft:broken":{"minecraft:iron_axe":1,"minecraft:iron_pickaxe":1},"minecraft:dropped":{"minecraft:candle":1,"minecraft:moss_block":1,"minecraft:baked_potato":1,"minecraft:glass_bottle":12,"minecraft:crafting_table":1,"minecraft:decorated_pot":3,"minecraft:glow_berries":12,"dungeonnowloading:cobblestone_pebble":23,"minecraft:lantern":1,"minecraft:cracked_stone_bricks":4,"minecraft:leather_helmet":2,"minecraft:emerald":1,"minecraft:flint":2,"minecraft:chain":1,"minecraft:iron_pickaxe":1,"minecraft:fishing_rod":1,"minecraft:gold_ingot":1,"minecraft:bone":36,"minecraft:gravel":18,"minecraft:sugar_cane":1,"minecraft:cobbled_deepslate":137,"minecraft:wheat":5,"dungeonnowloading:mossy_cobblestone_pebble":12,"minecraft:chainmail_chestplate":2,"minecraft:tipped_arrow":3,"minecraft:gunpowder":10,"minecraft:spruce_pressure_plate":3,"minecraft:stone_brick_wall":1,"minecraft:leather_boots":1,"minecraft:azalea":6,"minecraft:leather_leggings":2,"minecraft:iron_bars":5,"minecraft:arrow":5,"minecraft:egg":1,"minecraft:golden_boots":2,"minecraft:wheat_seeds":10,"minecraft:golden_helmet":1,"minecraft:mossy_cobblestone":14,"minecraft:iron_helmet":3,"minecraft:cobblestone":4,"minecraft:book":3,"minecraft:chainmail_helmet":2,"minecraft:coal":4,"minecraft:polished_andesite":6,"minecraft:stick":18,"minecraft:torch":1,"minecraft:wooden_axe":9,"minecraft:iron_door":1,"paladins:priest_robe_legs":1,"minecraft:potion":2,"minecraft:iron_leggings":2,"minecraft:flowering_azalea":2,"minecraft:iron_axe":2,"minecraft:smooth_stone":15,"minecraft:chainmail_leggings":2,"minecraft:paper":3,"minecraft:string":3,"minecraft:tripwire_hook":1,"minecraft:music_disc_cat":1,"minecraft:spruce_sapling":51,"minecraft:redstone":2,"minecraft:moss_carpet":3,"minecraft:kelp":1,"minecraft:oak_trapdoor":2,"minecraft:smooth_stone_slab":3,"minecraft:bowl":4,"minecraft:tuff":42,"minecraft:raw_iron":1,"minecraft:clay_ball":16,"minecraft:iron_boots":3,"minecraft:name_tag":3,"minecraft:spruce_fence":1,"minecraft:suspicious_stew":3,"minecraft:deepslate_bricks":8,"minecraft:filled_map":4,"minecraft:hay_block":4,"minecraft:shield":4,"minecraft:iron_chestplate":2,"minecraft:andesite":1,"minecraft:mossy_stone_bricks":18,"minecraft:golden_leggings":1,"minecraft:oak_sapling":3,"minecraft:golden_sword":1,"minecraft:stone_bricks":17,"minecraft:barrel":2,"minecraft:spider_eye":7,"minecraft:spruce_log":58,"minecraft:slime_ball":6,"minecraft:bow":1,"minecraft:stone_pickaxe":2,"minecraft:wooden_pickaxe":1,"minecraft:raw_gold":1,"dungeonnowloading:spawner_frame":1},"minecraft:killed_by":{"minecraft:creeper":1,"minecraft:drowned":1,"minecraft:zombie":4,"minecraft:player":1,"dungeonnowloading:hollow":2,"minecraft:skeleton":9},"minecraft:killed":{"minecraft:cave_spider":1,"minecraft:spider":28,"minecraft:skeleton":36,"minecraft:silverfish":14,"minecraft:creeper":4,"minecraft:sheep":2,"minecraft:zombie":93,"dungeonnowloading:spawner_carrier":5,"minecraft:vindicator":1,"minecraft:slime":2,"minecraft:drowned":17},"minecraft:used":{"minecraft:moss_block":1,"minecraft:spruce_slab":6,"minecraft:decorated_pot":2,"minecraft:chest":4,"minecraft:shield":124,"minecraft:rotten_flesh":135,"minecraft:iron_chestplate":1,"dungeonnowloading:wooden_wall_rack":2,"minecraft:deepslate_tile_slab":1,"minecraft:tuff":21,"minecraft:spruce_boat":6,"minecraft:lava_bucket":2,"minecraft:lantern":3,"minecraft:iron_helmet":2,"minecraft:stone_brick_stairs":1,"minecraft:stone_bricks":12,"minecraft:bow":60,"minecraft:sweet_berries":28,"minecraft:furnace":5,"minecraft:gray_banner":1,"dungeonnowloading:wooden_wall_platform":1,"minecraft:mossy_stone_bricks":5,"minecraft:leather_leggings":2,"minecraft:diamond_boots":1,"minecraft:spruce_door":3,"minecraft:stone_pickaxe":331,"minecraft:wooden_pickaxe":12,"paladins:diamond_claymore":112,"minecraft:chainmail_helmet":2,"minecraft:glow_berries":21,"minecraft:sand":3,"minecraft:stone_brick_wall":1,"minecraft:lingering_potion":1,"minecraft:bread":45,"minecraft:gravel":4,"minecraft:smooth_stone_slab":3,"minecraft:iron_bars":2,"minecraft:cracked_deepslate_bricks":1,"minecraft:dried_kelp":26,"minecraft:spruce_planks":315,"minecraft:wooden_shovel":6,"minecraft:cooked_salmon":1,"minecraft:torch":68,"minecraft:chainmail_chestplate":2,"minecraft:spruce_stairs":1,"minecraft:diamond_helmet":1,"minecraft:spruce_fence":1,"minecraft:wooden_axe":378,"minecraft:oak_stairs":1,"minecraft:iron_axe":470,"minecraft:iron_boots":2,"minecraft:diamond_chestplate":1,"minecraft:cobbled_deepslate":164,"minecraft:iron_leggings":1,"minecraft:cooked_mutton":3,"minecraft:polished_andesite":1,"minecraft:baked_potato":3,"minecraft:leather_boots":1,"dungeonnowloading:dungeon_wall_torch":1,"minecraft:cracked_stone_bricks":2,"minecraft:mossy_cobblestone":2,"minecraft:crafting_table":29,"minecraft:red_bed":2,"minecraft:white_bed":6,"minecraft:diamond_pickaxe":351,"minecraft:apple":46,"minecraft:iron_pickaxe":355,"minecraft:suspicious_stew":4,"minecraft:leather_helmet":3,"minecraft:spruce_trapdoor":10,"minecraft:stone_axe":3,"minecraft:fishing_rod":1,"minecraft:cobblestone":42,"minecraft:potion":7,"minecraft:bucket":3,"minecraft:diamond_leggings":1,"minecraft:smooth_stone":5,"minecraft:splash_potion":4,"minecraft:chainmail_leggings":2},"minecraft:mined":{"dungeonnowloading:spikes":18,"minecraft:spruce_planks":87,"minecraft:white_bed":5,"minecraft:cave_vines_plant":3,"minecraft:stone_brick_wall":2,"minecraft:deepslate_bricks":4,"minecraft:coal_block":40,"minecraft:composter":1,"minecraft:chiseled_stone_bricks":1,"minecraft:spawner":10,"minecraft:smooth_stone":22,"minecraft:tall_seagrass":6,"minecraft:cobbled_deepslate":33,"minecraft:iron_ore":52,"minecraft:fire":7,"minecraft:barrel":23,"minecraft:anvil":1,"minecraft:cave_vines":15,"minecraft:oak_stairs":1,"minecraft:iron_bars":15,"minecraft:spruce_pressure_plate":4,"minecraft:spruce_wood":1,"minecraft:azalea":1,"minecraft:red_bed":2,"minecraft:kelp_plant":49,"minecraft:deepslate_tile_slab":1,"minecraft:clay":4,"minecraft:torch":26,"minecraft:calcite":1,"minecraft:chest":2,"minecraft:cobblestone":46,"minecraft:damaged_anvil":2,"minecraft:iron_door":1,"minecraft:wall_torch":28,"minecraft:seagrass":3,"minecraft:chain":1,"minecraft:stone_brick_stairs":2,"minecraft:smooth_stone_slab":5,"minecraft:grass":17,"minecraft:oak_log":17,"dungeonnowloading:explosive_barrel":10,"minecraft:sand":3,"minecraft:deepslate":281,"minecraft:suspicious_gravel":1,"minecraft:diamond_ore":1,"minecraft:tuff":58,"minecraft:mossy_cobblestone":22,"minecraft:deepslate_diamond_ore":6,"minecraft:candle":1,"minecraft:spruce_fence":2,"minecraft:decorated_pot":8,"dungeonnowloading:book_pile":1,"minecraft:redstone_wire":3,"minecraft:spruce_leaves":13,"minecraft:moss_block":3,"minecraft:kelp":14,"minecraft:large_fern":10,"minecraft:hay_block":24,"minecraft:oak_trapdoor":1,"minecraft:furnace":4,"minecraft:raw_gold_block":15,"minecraft:polished_basalt":1,"minecraft:andesite":1,"minecraft:gold_block":12,"minecraft:polished_deepslate":1,"minecraft:deepslate_iron_ore":5,"minecraft:vine":6,"minecraft:lantern":2,"minecraft:stone":259,"minecraft:bone_block":17,"dungeonnowloading:mossy_cobblestone_pebbles":2,"minecraft:infested_stone_bricks":2,"minecraft:crafting_table":23,"minecraft:tall_grass":2,"minecraft:lapis_ore":1,"minecraft:cracked_deepslate_bricks":2,"minecraft:spruce_stairs":1,"minecraft:sweet_berry_bush":15,"minecraft:ice":1,"minecraft:spruce_log":285,"minecraft:coal_ore":1,"minecraft:flower_pot":1,"minecraft:gravel":21,"minecraft:cracked_stone_bricks":5,"minecraft:oak_button":3,"minecraft:polished_andesite":9,"minecraft:stone_bricks":28,"minecraft:mossy_stone_bricks":25,"minecraft:gold_ore":1,"minecraft:fern":12,"dungeonnowloading:iron_ingot_pile":7},"minecraft:custom":{"minecraft:interact_with_crafting_table":76,"minecraft:open_barrel":97,"minecraft:leave_game":20,"minecraft:time_since_death":1205,"minecraft:sprint_one_cm":475122,"minecraft:damage_blocked_by_shield":8100,"minecraft:drop":263,"minecraft:play_time":337463,"minecraft:deaths":20,"minecraft:jump":3270,"minecraft:interact_with_brewingstand":7,"minecraft:walk_on_water_one_cm":77061,"minecraft:interact_with_furnace":50,"minecraft:sleep_in_bed":6,"minecraft:damage_dealt":35628,"minecraft:crouch_one_cm":74276,"minecraft:inspect_dispenser":4,"minecraft:horse_one_cm":444,"minecraft:mob_kills":228,"minecraft:interact_with_campfire":3,"minecraft:climb_one_cm":2549,"minecraft:walk_one_cm":1174231,"minecraft:sneak_time":31976,"minecraft:walk_under_water_one_cm":47159,"minecraft:boat_one_cm":470257,"minecraft:interact_with_blast_furnace":1,"minecraft:total_world_time":337463,"minecraft:time_since_rest":1234,"minecraft:damage_taken":13913,"minecraft:swim_one_cm":111190,"minecraft:fly_one_cm":679577,"minecraft:open_chest":82,"minecraft:fall_one_cm":51332},"minecraft:picked_up":{"minecraft:wooden_axe":5,"minecraft:iron_chestplate":6,"minecraft:wheat":3,"minecraft:anvil":2,"minecraft:suspicious_stew":1,"minecraft:oak_stairs":1,"minecraft:potion":11,"minecraft:stone_brick_stairs":1,"minecraft:golden_sword":1,"minecraft:music_disc_cat":3,"minecraft:string":42,"minecraft:cooked_salmon":1,"minecraft:smooth_stone_slab":8,"minecraft:iron_leggings":2,"minecraft:cobbled_deepslate":435,"minecraft:smooth_stone":25,"minecraft:spruce_planks":181,"minecraft:azalea":6,"dungeonnowloading:mossy_cobblestone_pebble":13,"minecraft:iron_pickaxe":4,"minecraft:coal_block":41,"minecraft:furnace":7,"minecraft:iron_boots":5,"minecraft:golden_helmet":1,"minecraft:tipped_arrow":6,"minecraft:spruce_pressure_plate":3,"minecraft:stick":78,"minecraft:torch":77,"minecraft:spruce_stairs":1,"minecraft:dried_kelp":4,"minecraft:golden_chestplate":1,"minecraft:rotten_flesh":196,"minecraft:polished_basalt":1,"minecraft:iron_bars":13,"minecraft:cobblestone":339,"minecraft:iron_door":1,"minecraft:andesite":1,"minecraft:golden_leggings":1,"minecraft:potato":5,"minecraft:flint":2,"minecraft:tuff":72,"minecraft:lapis_lazuli":50,"minecraft:dirt":27,"minecraft:lantern":4,"minecraft:name_tag":5,"minecraft:bone":47,"minecraft:bow":4,"minecraft:wheat_seeds":10,"minecraft:raw_gold":1,"dungeonnowloading:dungeon_wall_torch":1,"minecraft:mossy_stone_bricks":23,"minecraft:moss_block":2,"minecraft:cooked_porkchop":8,"dungeonnowloading:spawner_frame":3,"minecraft:sand":3,"dungeonnowloading:wooden_wall_rack":2,"minecraft:barrel":2,"minecraft:mossy_cobblestone":19,"minecraft:polished_andesite":7,"minecraft:diamond":14,"minecraft:spruce_boat":3,"minecraft:bread":60,"minecraft:emerald":13,"minecraft:chainmail_helmet":1,"minecraft:oak_sapling":3,"minecraft:charcoal":2,"minecraft:crafting_table":26,"dungeonnowloading:wooden_wall_platform":1,"minecraft:splash_potion":13,"minecraft:chicken":1,"minecraft:clay_ball":32,"minecraft:leather_leggings":2,"minecraft:brown_mushroom":9,"dungeonnowloading:cobblestone_pebble":26,"minecraft:stone_brick_wall":2,"minecraft:gold_block":12,"minecraft:chain":1,"minecraft:shield":2,"minecraft:oak_trapdoor":2,"minecraft:red_bed":3,"minecraft:moss_carpet":3,"minecraft:iron_axe":5,"dungeonnowloading:spawner_fragment":45,"minecraft:cracked_stone_bricks":6,"minecraft:candle":1,"minecraft:sugar_cane":17,"minecraft:chest":2,"minecraft:spruce_trapdoor":2,"minecraft:egg":1,"minecraft:raw_iron":57,"minecraft:raw_gold_block":15,"minecraft:spruce_fence":2,"minecraft:carrot":1,"minecraft:redstone":2,"minecraft:arrow":134,"minecraft:decorated_pot":5,"minecraft:deepslate_bricks":8,"minecraft:hay_block":23,"minecraft:cracked_deepslate_bricks":1,"minecraft:gold_ingot":2,"minecraft:glow_berries":73,"minecraft:mutton":3,"minecraft:white_wool":2,"minecraft:bone_block":10,"minecraft:tripwire_hook":1,"minecraft:salmon":18,"minecraft:oak_log":13,"minecraft:chainmail_chestplate":1,"minecraft:golden_boots":2,"minecraft:gunpowder":11,"minecraft:deepslate_tile_slab":1,"minecraft:cooked_mutton":5,"minecraft:apple":39,"minecraft:stone_bricks":29,"minecraft:kelp":396,"minecraft:spruce_wood":1,"minecraft:iron_ingot":91,"minecraft:stone_pickaxe":1,"minecraft:glass_bottle":6,"minecraft:flowering_azalea":2,"minecraft:iron_sword":1,"minecraft:book":2,"minecraft:sweet_berries":28,"minecraft:gravel":24,"minecraft:spruce_sapling":197,"minecraft:spruce_log":507,"minecraft:white_bed":5,"minecraft:spruce_door":2,"minecraft:spider_eye":12,"minecraft:leather_helmet":2,"minecraft:slime_ball":12,"minecraft:gray_banner":1,"minecraft:chainmail_leggings":1,"minecraft:iron_helmet":2,"minecraft:baked_potato":1,"minecraft:damaged_anvil":4,"minecraft:coal":24}},"DataVersion":3465}