{"stats":{"minecraft:crafted":{"minecraft:oak_planks":12,"minecraft:iron_boots":1,"minecraft:chest":2,"minecraft:wooden_shovel":1,"dungeonnowloading:spawner_frame":13,"minecraft:crafting_table":12,"minecraft:spruce_planks":988,"minecraft:iron_helmet":2,"minecraft:wooden_pickaxe":3,"minecraft:baked_potato":3,"minecraft:spruce_door":3,"minecraft:gold_block":2,"minecraft:spruce_trapdoor":8,"minecraft:iron_chestplate":1,"minecraft:diamond_pickaxe":1,"minecraft:shield":5,"minecraft:stick":32,"minecraft:iron_pickaxe":2,"minecraft:iron_ingot":24,"minecraft:furnace":2,"minecraft:iron_axe":2,"minecraft:spruce_slab":12,"minecraft:stone_pickaxe":5,"minecraft:spruce_boat":3,"minecraft:wheat":171,"minecraft:coal_block":1,"minecraft:dried_kelp":25,"minecraft:bucket":1,"minecraft:stone_axe":1,"minecraft:bread":66,"minecraft:air":0,"minecraft:oak_boat":1,"minecraft:white_wool":4,"minecraft:wooden_axe":11,"minecraft:iron_leggings":2,"minecraft:white_bed":1},"minecraft:broken":{"minecraft:iron_axe":1,"minecraft:iron_pickaxe":1},"minecraft:dropped":{"minecraft:candle":1,"minecraft:moss_block":1,"minecraft:baked_potato":1,"minecraft:glass_bottle":12,"minecraft:crafting_table":5,"minecraft:decorated_pot":3,"minecraft:glow_berries":12,"dungeonnowloading:cobblestone_pebble":23,"minecraft:lantern":1,"minecraft:cracked_stone_bricks":4,"minecraft:leather_helmet":2,"minecraft:emerald":1,"minecraft:flint":2,"minecraft:chain":1,"minecraft:writable_book":9,"minecraft:iron_pickaxe":2,"minecraft:fishing_rod":1,"minecraft:gold_ingot":5,"minecraft:bone":40,"minecraft:gravel":18,"minecraft:sugar_cane":1,"minecraft:golden_chestplate":1,"minecraft:cobbled_deepslate":138,"minecraft:wheat":5,"dungeonnowloading:mossy_cobblestone_pebble":12,"minecraft:oak_planks":3,"create:asurine":24,"minecraft:chainmail_chestplate":2,"minecraft:tipped_arrow":6,"minecraft:gunpowder":16,"minecraft:charcoal":2,"minecraft:spruce_pressure_plate":3,"minecraft:stone_brick_wall":1,"minecraft:leather_boots":1,"minecraft:azalea":6,"minecraft:leather_leggings":2,"minecraft:iron_bars":5,"minecraft:arrow":17,"minecraft:egg":1,"minecraft:enchanted_book":26,"minecraft:golden_boots":2,"minecraft:wheat_seeds":11,"minecraft:golden_helmet":1,"minecraft:mossy_cobblestone":14,"minecraft:iron_helmet":3,"minecraft:cobblestone":4,"minecraft:book":147,"minecraft:chainmail_helmet":2,"minecraft:coal":18,"minecraft:polished_andesite":6,"minecraft:stick":35,"minecraft:torch":7,"minecraft:wooden_axe":9,"minecraft:iron_door":1,"paladins:priest_robe_legs":1,"minecraft:potion":2,"minecraft:iron_leggings":2,"minecraft:flowering_azalea":2,"minecraft:iron_axe":3,"minecraft:smooth_stone":15,"minecraft:chainmail_leggings":2,"minecraft:paper":3,"minecraft:string":12,"minecraft:lily_pad":5,"minecraft:tripwire_hook":1,"minecraft:bucket":4,"minecraft:music_disc_cat":1,"create:raw_zinc":5,"minecraft:spruce_sapling":51,"minecraft:redstone":2,"minecraft:moss_carpet":3,"minecraft:kelp":5,"minecraft:oak_trapdoor":2,"minecraft:smooth_stone_slab":3,"minecraft:bowl":4,"minecraft:tuff":45,"minecraft:raw_iron":1,"minecraft:clay_ball":16,"minecraft:iron_boots":3,"minecraft:name_tag":3,"minecraft:spruce_fence":1,"minecraft:suspicious_stew":3,"minecraft:deepslate_bricks":8,"minecraft:filled_map":6,"minecraft:potato":12,"minecraft:hay_block":4,"minecraft:spruce_boat":1,"minecraft:shield":4,"minecraft:spruce_planks":1,"minecraft:iron_chestplate":3,"minecraft:andesite":1,"minecraft:mossy_stone_bricks":19,"minecraft:oak_boat":1,"minecraft:golden_leggings":1,"minecraft:oak_sapling":5,"minecraft:golden_sword":1,"minecraft:stone_bricks":17,"minecraft:barrel":2,"minecraft:spider_eye":7,"minecraft:spruce_log":58,"minecraft:slime_ball":6,"minecraft:bow":2,"minecraft:stone_pickaxe":2,"minecraft:wooden_pickaxe":1,"minecraft:raw_gold":1,"minecraft:cracked_deepslate_bricks":1,"minecraft:calcite":2,"dungeonnowloading:spawner_frame":1},"minecraft:killed_by":{"minecraft:creeper":1,"minecraft:drowned":1,"minecraft:zombie":4,"minecraft:player":1,"dungeonnowloading:hollow":2,"minecraft:skeleton":9},"minecraft:killed":{"minecraft:cave_spider":6,"minecraft:spider":28,"minecraft:skeleton":40,"minecraft:silverfish":27,"minecraft:creeper":5,"minecraft:sheep":11,"minecraft:pillager":1,"minecraft:zombie":99,"minecraft:stray":2,"mythicmounts:acencia":1,"dungeonnowloading:spawner_carrier":5,"minecraft:endermite":1,"minecraft:vindicator":1,"minecraft:slime":2,"minecraft:drowned":17,"minecraft:bat":1},"minecraft:used":{"minecraft:moss_block":1,"minecraft:writable_book":1,"minecraft:polished_deepslate":4,"minecraft:spruce_slab":6,"minecraft:polished_basalt":1,"minecraft:decorated_pot":2,"minecraft:chest":4,"minecraft:shield":124,"minecraft:rotten_flesh":135,"minecraft:iron_chestplate":2,"dungeonnowloading:wooden_wall_rack":2,"minecraft:deepslate_tile_slab":1,"minecraft:tuff":23,"minecraft:spruce_boat":9,"minecraft:lava_bucket":2,"minecraft:lantern":3,"minecraft:iron_helmet":3,"minecraft:stone_brick_stairs":1,"minecraft:stone_bricks":13,"minecraft:bow":60,"minecraft:sweet_berries":28,"minecraft:furnace":5,"minecraft:gray_banner":1,"dungeonnowloading:wooden_wall_platform":1,"minecraft:mossy_stone_bricks":5,"minecraft:leather_leggings":2,"minecraft:diamond_boots":1,"minecraft:spruce_door":3,"minecraft:stone_pickaxe":331,"minecraft:wooden_pickaxe":12,"paladins:diamond_claymore":193,"minecraft:chainmail_helmet":2,"minecraft:glow_berries":21,"minecraft:sand":3,"minecraft:stone_brick_wall":1,"minecraft:lingering_potion":1,"minecraft:bread":47,"minecraft:iron_door":1,"minecraft:gravel":4,"minecraft:smooth_stone_slab":3,"minecraft:oak_boat":3,"minecraft:iron_bars":3,"minecraft:cracked_deepslate_bricks":4,"minecraft:dried_kelp":26,"minecraft:spruce_planks":387,"minecraft:wooden_shovel":6,"minecraft:cooked_salmon":1,"minecraft:torch":72,"minecraft:chainmail_chestplate":2,"minecraft:spruce_stairs":1,"minecraft:diamond_helmet":1,"minecraft:spruce_fence":1,"minecraft:wooden_axe":378,"minecraft:oak_stairs":1,"minecraft:iron_axe":498,"minecraft:iron_boots":3,"minecraft:diamond_chestplate":1,"minecraft:cobbled_deepslate":167,"minecraft:iron_leggings":2,"minecraft:cooked_mutton":3,"minecraft:polished_andesite":3,"minecraft:baked_potato":3,"minecraft:leather_boots":1,"minecraft:deepslate_bricks":3,"dungeonnowloading:dungeon_wall_torch":1,"minecraft:cracked_stone_bricks":3,"minecraft:mossy_cobblestone":2,"minecraft:crafting_table":34,"minecraft:red_bed":2,"minecraft:white_bed":6,"minecraft:book":5,"minecraft:diamond_pickaxe":351,"minecraft:apple":91,"minecraft:iron_pickaxe":449,"minecraft:suspicious_stew":4,"minecraft:leather_helmet":3,"minecraft:spruce_trapdoor":10,"minecraft:stone_axe":3,"minecraft:enchanted_book":1,"minecraft:fishing_rod":1,"minecraft:cobblestone":45,"minecraft:potion":7,"minecraft:bucket":3,"minecraft:yellow_bed":1,"minecraft:diamond_leggings":1,"minecraft:smooth_stone":5,"minecraft:splash_potion":4,"minecraft:chainmail_leggings":2},"minecraft:mined":{"dungeonnowloading:spikes":18,"minecraft:spruce_planks":88,"minecraft:white_bed":5,"minecraft:cave_vines_plant":3,"minecraft:stone_brick_wall":2,"minecraft:deepslate_bricks":7,"minecraft:coal_block":41,"minecraft:composter":1,"minecraft:chiseled_stone_bricks":1,"minecraft:spawner":11,"minecraft:smooth_stone":22,"minecraft:tall_seagrass":6,"minecraft:magma_block":4,"minecraft:cobbled_deepslate":33,"minecraft:iron_ore":53,"minecraft:fire":7,"minecraft:barrel":23,"minecraft:anvil":1,"minecraft:cave_vines":15,"minecraft:oak_stairs":1,"minecraft:iron_bars":16,"minecraft:spruce_pressure_plate":4,"minecraft:spruce_wood":1,"minecraft:azalea":1,"minecraft:red_bed":2,"minecraft:kelp_plant":49,"minecraft:deepslate_tile_slab":1,"minecraft:clay":4,"minecraft:torch":27,"minecraft:calcite":1,"minecraft:chest":2,"minecraft:cobblestone":47,"minecraft:damaged_anvil":2,"minecraft:iron_door":2,"minecraft:wall_torch":31,"minecraft:seagrass":3,"minecraft:chain":1,"minecraft:stone_brick_stairs":2,"minecraft:smooth_stone_slab":5,"minecraft:grass":19,"minecraft:oak_log":30,"dungeonnowloading:explosive_barrel":10,"minecraft:sand":3,"minecraft:deepslate":295,"minecraft:suspicious_gravel":1,"minecraft:infested_deepslate":2,"minecraft:diamond_ore":1,"minecraft:tuff":60,"minecraft:mossy_cobblestone":22,"minecraft:deepslate_diamond_ore":6,"minecraft:candle":1,"minecraft:spruce_fence":2,"minecraft:decorated_pot":8,"dungeonnowloading:book_pile":1,"minecraft:redstone_wire":3,"minecraft:spruce_leaves":13,"minecraft:moss_block":3,"minecraft:kelp":14,"minecraft:large_fern":10,"minecraft:hay_block":74,"minecraft:oak_trapdoor":1,"minecraft:furnace":4,"minecraft:raw_gold_block":15,"minecraft:polished_basalt":1,"minecraft:andesite":2,"minecraft:gold_block":16,"minecraft:polished_deepslate":2,"minecraft:deepslate_iron_ore":5,"minecraft:vine":6,"minecraft:lantern":2,"minecraft:stone":309,"minecraft:bone_block":17,"dungeonnowloading:mossy_cobblestone_pebbles":2,"minecraft:infested_stone_bricks":2,"minecraft:crafting_table":27,"minecraft:tall_grass":2,"minecraft:lapis_ore":1,"minecraft:lily_pad":1,"minecraft:cracked_deepslate_bricks":4,"minecraft:spruce_stairs":1,"minecraft:sweet_berry_bush":17,"minecraft:ice":1,"minecraft:spruce_log":285,"minecraft:yellow_bed":1,"minecraft:coal_ore":1,"minecraft:flower_pot":1,"minecraft:gravel":21,"minecraft:cobweb":15,"minecraft:cracked_stone_bricks":7,"minecraft:oak_button":3,"minecraft:polished_andesite":10,"minecraft:stone_bricks":29,"minecraft:mossy_stone_bricks":25,"minecraft:gold_ore":1,"minecraft:fern":12,"dungeonnowloading:iron_ingot_pile":7},"minecraft:custom":{"minecraft:interact_with_crafting_table":81,"minecraft:open_barrel":97,"minecraft:leave_game":20,"minecraft:time_since_death":73205,"minecraft:sprint_one_cm":617030,"minecraft:damage_blocked_by_shield":8100,"minecraft:drop":393,"minecraft:talked_to_villager":1,"minecraft:play_time":409463,"minecraft:deaths":20,"minecraft:jump":4005,"minecraft:interact_with_brewingstand":7,"minecraft:walk_on_water_one_cm":95102,"minecraft:interact_with_furnace":50,"minecraft:sleep_in_bed":6,"minecraft:damage_dealt":40941,"minecraft:crouch_one_cm":78442,"minecraft:interact_with_smoker":1,"minecraft:inspect_dispenser":4,"minecraft:horse_one_cm":8101,"minecraft:mob_kills":273,"minecraft:interact_with_campfire":3,"minecraft:climb_one_cm":7222,"minecraft:walk_one_cm":1444117,"minecraft:sneak_time":33473,"minecraft:walk_under_water_one_cm":63766,"minecraft:boat_one_cm":908589,"minecraft:interact_with_blast_furnace":1,"minecraft:total_world_time":409463,"minecraft:time_since_rest":73234,"minecraft:damage_taken":15334,"minecraft:swim_one_cm":184080,"minecraft:fly_one_cm":798561,"minecraft:open_chest":117,"minecraft:fall_one_cm":66652},"minecraft:picked_up":{"minecraft:wooden_axe":5,"minecraft:iron_chestplate":7,"minecraft:wheat":3,"minecraft:anvil":2,"minecraft:suspicious_stew":1,"minecraft:oak_stairs":1,"minecraft:enchanted_book":35,"minecraft:potion":11,"minecraft:stone_brick_stairs":1,"minecraft:golden_sword":1,"minecraft:polished_deepslate":4,"minecraft:music_disc_cat":3,"minecraft:string":51,"minecraft:cooked_salmon":1,"minecraft:smooth_stone_slab":8,"minecraft:iron_leggings":2,"minecraft:cobbled_deepslate":458,"minecraft:smooth_stone":25,"minecraft:bucket":2,"minecraft:spruce_planks":187,"minecraft:calcite":2,"minecraft:azalea":6,"dungeonnowloading:mossy_cobblestone_pebble":13,"minecraft:iron_pickaxe":4,"minecraft:coal_block":42,"minecraft:furnace":7,"minecraft:iron_boots":5,"minecraft:golden_helmet":1,"minecraft:tipped_arrow":9,"minecraft:spruce_pressure_plate":3,"minecraft:stick":85,"minecraft:torch":87,"minecraft:spruce_stairs":1,"minecraft:dried_kelp":4,"minecraft:golden_chestplate":2,"minecraft:rotten_flesh":206,"minecraft:polished_basalt":2,"create:asurine":24,"minecraft:iron_bars":14,"minecraft:cobblestone":340,"minecraft:iron_door":2,"minecraft:andesite":2,"minecraft:golden_leggings":1,"minecraft:potato":11,"minecraft:flint":2,"minecraft:tuff":77,"create:raw_zinc":5,"minecraft:lapis_lazuli":50,"minecraft:dirt":27,"minecraft:lantern":4,"minecraft:name_tag":5,"minecraft:bone":52,"minecraft:bow":5,"minecraft:wheat_seeds":11,"minecraft:raw_gold":1,"dungeonnowloading:dungeon_wall_torch":1,"minecraft:mossy_stone_bricks":24,"minecraft:moss_block":2,"minecraft:cooked_porkchop":8,"dungeonnowloading:spawner_frame":3,"minecraft:sand":3,"dungeonnowloading:wooden_wall_rack":2,"minecraft:barrel":2,"minecraft:mossy_cobblestone":19,"minecraft:polished_andesite":9,"minecraft:diamond":14,"minecraft:spruce_boat":7,"minecraft:writable_book":8,"minecraft:bread":66,"minecraft:emerald":14,"minecraft:chainmail_helmet":1,"minecraft:oak_sapling":5,"minecraft:charcoal":3,"minecraft:crafting_table":32,"dungeonnowloading:wooden_wall_platform":1,"minecraft:splash_potion":13,"minecraft:chicken":1,"minecraft:clay_ball":32,"minecraft:leather_leggings":2,"minecraft:brown_mushroom":9,"dungeonnowloading:cobblestone_pebble":26,"minecraft:stone_brick_wall":2,"minecraft:gold_block":16,"minecraft:chain":1,"minecraft:shield":2,"minecraft:oak_trapdoor":2,"minecraft:red_bed":3,"minecraft:moss_carpet":3,"minecraft:iron_axe":5,"dungeonnowloading:spawner_fragment":49,"minecraft:cracked_stone_bricks":7,"minecraft:candle":1,"minecraft:oak_boat":3,"minecraft:sugar_cane":17,"minecraft:chest":2,"minecraft:spruce_trapdoor":2,"minecraft:egg":1,"minecraft:raw_iron":57,"minecraft:raw_gold_block":15,"minecraft:spruce_fence":2,"minecraft:carrot":1,"minecraft:redstone":2,"minecraft:arrow":146,"minecraft:decorated_pot":5,"minecraft:deepslate_bricks":11,"minecraft:hay_block":74,"minecraft:cracked_deepslate_bricks":5,"minecraft:gold_ingot":4,"minecraft:glow_berries":73,"minecraft:mutton":3,"minecraft:white_wool":11,"minecraft:bone_block":10,"minecraft:tripwire_hook":1,"minecraft:salmon":18,"minecraft:filled_map":1,"minecraft:lily_pad":5,"minecraft:oak_log":26,"minecraft:chainmail_chestplate":1,"minecraft:golden_boots":2,"minecraft:yellow_bed":1,"minecraft:gunpowder":17,"minecraft:deepslate_tile_slab":1,"minecraft:cooked_mutton":5,"minecraft:apple":39,"minecraft:stone_bricks":30,"minecraft:kelp":400,"minecraft:spruce_wood":1,"minecraft:iron_ingot":91,"minecraft:stone_pickaxe":1,"minecraft:glass_bottle":6,"minecraft:flowering_azalea":2,"minecraft:iron_sword":1,"minecraft:book":103,"minecraft:sweet_berries":28,"minecraft:gravel":24,"minecraft:spruce_sapling":197,"minecraft:spruce_log":507,"minecraft:white_bed":5,"minecraft:spruce_door":2,"minecraft:spider_eye":12,"minecraft:leather_helmet":2,"minecraft:slime_ball":12,"minecraft:gray_banner":1,"minecraft:chainmail_leggings":1,"minecraft:iron_helmet":2,"minecraft:baked_potato":1,"minecraft:damaged_anvil":4,"minecraft:coal":31}},"DataVersion":3465}