{"stats":{"minecraft:custom":{"minecraft:mob_kills":36,"minecraft:interact_with_anvil":6,"minecraft:animals_bred":72,"minecraft:inspect_hopper":29,"minecraft:interact_with_crafting_table":18,"minecraft:open_barrel":26,"minecraft:leave_game":4,"minecraft:time_since_death":142997,"minecraft:climb_one_cm":11159,"minecraft:sprint_one_cm":611087,"minecraft:walk_one_cm":261813,"minecraft:drop":46,"minecraft:talked_to_villager":206,"minecraft:play_time":142997,"minecraft:sneak_time":5950,"minecraft:walk_under_water_one_cm":1528,"minecraft:boat_one_cm":181145,"minecraft:jump":3823,"minecraft:walk_on_water_one_cm":11271,"minecraft:total_world_time":142997,"minecraft:interact_with_furnace":5,"minecraft:traded_with_villager":862,"minecraft:interact_with_grindstone":4,"minecraft:sleep_in_bed":3,"minecraft:time_since_rest":27524,"minecraft:waystone_activated":1,"minecraft:damage_taken":1497,"minecraft:damage_dealt":7173,"minecraft:swim_one_cm":11712,"minecraft:fly_one_cm":477555,"minecraft:player_kills":2,"minecraft:open_chest":272,"minecraft:crouch_one_cm":22849,"minecraft:interact_with_smoker":1,"minecraft:fall_one_cm":42891},"minecraft:mined":{"minecraft:diamond_ore":2,"minecraft:andesite_stairs":1,"minecraft:obsidian":1,"minecraft:gray_stained_glass_pane":2,"minecraft:grass_block":2,"minecraft:decorated_pot":1,"minecraft:hay_block":25,"minecraft:iron_ore":14,"minecraft:barrel":3,"minecraft:anvil":3,"minecraft:polished_deepslate":1,"minecraft:bookshelf":101,"minecraft:iron_bars":1,"minecraft:stone":1,"minecraft:iron_block":3,"minecraft:white_wool":10,"minecraft:tripwire":3,"minecraft:oak_slab":1,"minecraft:brown_mushroom":1,"minecraft:glass_pane":3,"minecraft:crafting_table":10,"minecraft:lectern":1,"minecraft:cobblestone":6,"minecraft:blue_bed":2,"minecraft:black_concrete_powder":1,"minecraft:sweet_berry_bush":18,"minecraft:gray_bed":1,"minecraft:white_carpet":1,"minecraft:spruce_log":86,"minecraft:yellow_bed":1,"minecraft:grass":6,"minecraft:oak_log":1,"minecraft:coal_ore":16,"minecraft:zombie_head":1,"minecraft:gravel":13,"minecraft:flower_pot":1,"minecraft:infested_cracked_stone_bricks":1,"minecraft:cobweb":4,"minecraft:gold_ore":4,"betternether:barrel_cactus":3,"minecraft:fern":8},"minecraft:killed":{"minecraft:spider":1,"minecraft:skeleton":2,"minecraft:iron_golem":3,"minecraft:creeper":1,"minecraft:sheep":1,"minecraft:stray":3,"minecraft:player":2,"minecraft:cow":24},"minecraft:crafted":{"minecraft:wooden_sword":1,"usefulbackpacks:backpack_small":1,"minecraft:diamond_shovel":1,"minecraft:flint_and_steel":1,"jewelry:diamond_necklace":1,"minecraft:diamond_helmet":1,"minecraft:diamond_leggings":1,"minecraft:diamond_boots":1,"usefulbackpacks:backpack_medium":1,"minecraft:spruce_boat":1,"paladins:diamond_claymore":1,"minecraft:emerald":851,"minecraft:diamond_axe":1,"minecraft:crafting_table":4,"minecraft:spruce_planks":140,"minecraft:enchanted_book":30,"minecraft:air":0,"minecraft:diamond_pickaxe":2,"minecraft:stick":20,"minecraft:iron_ingot":27,"usefulbackpacks:backpack_large":1,"jewelry:sapphire_necklace":1,"minecraft:shears":1,"minecraft:diamond_chestplate":1},"minecraft:dropped":{"minecraft:spruce_sign":4,"minecraft:wheat_seeds":1,"minecraft:crafting_table":8,"minecraft:feather":3,"minecraft:lantern":4,"minecraft:saddle":1,"minecraft:coal":1,"minecraft:leather_helmet":1,"minecraft:stick":38,"minecraft:emerald":1,"minecraft:cooked_salmon":8,"minecraft:snowball":2,"minecraft:iron_axe":1,"minecraft:iron_pickaxe":1,"minecraft:string":557,"minecraft:snow_block":5,"minecraft:sugar_cane":1,"minecraft:wheat":7,"minecraft:raw_iron":7,"minecraft:white_carpet":1,"minecraft:poppy":3,"minecraft:leather_chestplate":1,"minecraft:potato":40,"minecraft:flower_pot":1,"minecraft:carved_pumpkin":5,"minecraft:leather_leggings":1,"minecraft:arrow":2,"minecraft:iron_bars":1,"minecraft:lectern":1},"minecraft:used":{"minecraft:flint_and_steel":1,"minecraft:carved_pumpkin":5,"minecraft:spruce_planks":27,"minecraft:iron_chestplate":1,"minecraft:anvil":2,"minecraft:mutton":2,"minecraft:diamond_helmet":1,"minecraft:obsidian":11,"minecraft:spruce_boat":6,"paladins:golden_claymore":25,"minecraft:iron_axe":210,"minecraft:oak_stairs":1,"minecraft:iron_helmet":2,"minecraft:iron_boots":1,"minecraft:golden_carrot":2,"minecraft:bow":7,"minecraft:sweet_berries":9,"minecraft:gray_bed":1,"minecraft:iron_leggings":1,"minecraft:snow_block":15,"paladins:diamond_claymore":76,"minecraft:blue_bed":2,"minecraft:crafting_table":6,"minecraft:shears":2,"waystones:waystone":1,"minecraft:diamond_pickaxe":3,"minecraft:bread":38,"minecraft:string":11,"minecraft:iron_pickaxe":55,"minecraft:gravel":12,"minecraft:wooden_sword":4,"minecraft:cobblestone":1,"minecraft:cooked_rabbit":4},"minecraft:picked_up":{"minecraft:crafting_table":10,"minecraft:flower_pot":1,"minecraft:anvil":3,"minecraft:oak_stairs":1,"betternether:agave":2,"minecraft:polished_deepslate":1,"minecraft:string":2461,"minecraft:cooked_salmon":4,"minecraft:white_carpet":1,"minecraft:zombie_head":1,"minecraft:beef":40,"minecraft:andesite_stairs":1,"minecraft:poppy":2,"minecraft:lectern":1,"minecraft:sugar_cane":1,"minecraft:tipped_arrow":1,"minecraft:stick":25,"minecraft:raw_iron":21,"minecraft:arrow":3,"minecraft:decorated_pot":1,"minecraft:hay_block":24,"minecraft:iron_block":3,"minecraft:carved_pumpkin":5,"minecraft:obsidian":1,"minecraft:mutton":2,"minecraft:iron_bars":1,"minecraft:snowball":4,"minecraft:white_wool":11,"minecraft:cobblestone":4,"minecraft:leather":27,"minecraft:potato":32,"minecraft:flint":2,"minecraft:yellow_bed":1,"minecraft:dirt":2,"minecraft:blue_bed":2,"minecraft:lantern":4,"betternether:agave_leaf":3,"minecraft:wheat_seeds":2,"minecraft:raw_gold":4,"minecraft:iron_ingot":11,"betternether:barrel_cactus":4,"minecraft:diamond_helmet":1,"minecraft:gray_bed":1,"minecraft:book":345,"minecraft:sweet_berries":40,"minecraft:gravel":12,"minecraft:spruce_sapling":7,"minecraft:spruce_log":83,"minecraft:barrel":2,"minecraft:diamond":2,"minecraft:spruce_boat":6,"waystones:waystone":1,"minecraft:spruce_sign":4,"minecraft:emerald":6,"minecraft:coal":16}},"DataVersion":3465}