{"stats":{"minecraft:crafted":{"minecraft:furnace":2,"minecraft:diamond_leggings":1,"minecraft:bow":1,"minecraft:iron_boots":3,"minecraft:iron_axe":3,"minecraft:stone_pickaxe":1,"minecraft:chest":5,"minecraft:diamond_boots":1,"minecraft:spruce_boat":1,"minecraft:wheat":81,"minecraft:red_dye":3,"dungeonnowloading:spawner_frame":4,"minecraft:cooked_porkchop":8,"minecraft:diamond_axe":1,"minecraft:crafting_table":7,"minecraft:spruce_planks":228,"minecraft:iron_helmet":4,"minecraft:wooden_pickaxe":1,"minecraft:iron_sword":2,"minecraft:red_bed":1,"minecraft:red_wool":3,"minecraft:bucket":1,"minecraft:stone_axe":1,"minecraft:bread":27,"minecraft:air":0,"minecraft:white_wool":1,"minecraft:iron_chestplate":3,"minecraft:diamond_pickaxe":1,"minecraft:stick":64,"minecraft:iron_ingot":109,"minecraft:iron_pickaxe":4,"minecraft:wooden_axe":2,"minecraft:iron_shovel":1,"minecraft:iron_leggings":4,"minecraft:torch":72,"minecraft:diamond_chestplate":1},"minecraft:broken":{"minecraft:wooden_axe":1},"minecraft:dropped":{"minecraft:spruce_sign":18,"minecraft:iron_ingot":3,"minecraft:bread":12,"minecraft:wheat_seeds":3,"minecraft:glass_bottle":13,"minecraft:iron_helmet":4,"minecraft:cobblestone":12,"minecraft:book":2,"dungeonnowloading:cobblestone_pebble":14,"minecraft:lantern":2,"minecraft:saddle":1,"minecraft:spruce_stairs":1,"minecraft:coal":4,"minecraft:polished_andesite":1,"minecraft:stick":2,"minecraft:wooden_axe":6,"minecraft:potion":9,"minecraft:iron_leggings":4,"minecraft:bone_meal":1,"minecraft:iron_axe":5,"minecraft:iron_pickaxe":2,"minecraft:string":6,"minecraft:bucket":1,"minecraft:music_disc_cat":1,"minecraft:bone":17,"minecraft:stone_axe":1,"minecraft:moss_carpet":5,"minecraft:sugar_cane":1,"minecraft:cobbled_deepslate":1,"minecraft:tuff":4,"minecraft:composter":1,"minecraft:chicken":1,"minecraft:rotten_flesh":25,"dungeonnowloading:mossy_cobblestone_pebble":5,"minecraft:clay_ball":4,"minecraft:iron_boots":3,"minecraft:cooked_mutton":3,"minecraft:salmon":12,"minecraft:carrot":3,"minecraft:filled_map":1,"minecraft:big_dripleaf":1,"minecraft:gunpowder":1,"minecraft:spruce_planks":6,"minecraft:iron_chestplate":4,"minecraft:spruce_pressure_plate":1,"minecraft:mossy_stone_bricks":1,"minecraft:spider_eye":1,"minecraft:stone_bricks":6,"minecraft:iron_bars":3,"minecraft:arrow":52,"minecraft:bow":2,"minecraft:wooden_pickaxe":2,"minecraft:stone_pickaxe":2,"minecraft:splash_potion":5,"minecraft:brick":4},"minecraft:killed_by":{"minecraft:skeleton":1,"minecraft:zombie":1},"minecraft:used":{"minecraft:iron_shovel":84,"minecraft:chest":5,"minecraft:decorated_pot":2,"minecraft:spruce_planks":164,"minecraft:iron_sword":156,"minecraft:iron_chestplate":1,"minecraft:torch":87,"minecraft:dirt":13,"minecraft:spyglass":5,"minecraft:big_dripleaf":1,"minecraft:wooden_axe":75,"minecraft:iron_axe":69,"minecraft:music_disc_ward":1,"minecraft:iron_helmet":1,"minecraft:stone_bricks":4,"minecraft:deepslate_diamond_ore":1,"minecraft:bow":58,"minecraft:sweet_berries":16,"minecraft:furnace":4,"minecraft:egg":1,"minecraft:cobbled_deepslate":13,"minecraft:iron_leggings":1,"minecraft:cooked_mutton":2,"minecraft:water_bucket":5,"minecraft:diorite":9,"minecraft:polished_andesite":1,"minecraft:baked_potato":1,"minecraft:stone_pickaxe":62,"minecraft:wooden_pickaxe":9,"minecraft:blue_bed":1,"minecraft:diamond_axe":80,"minecraft:cracked_stone_bricks":1,"minecraft:glow_berries":4,"minecraft:music_disc_cat":1,"minecraft:crafting_table":21,"rogues:diamond_dagger":12,"minecraft:red_bed":1,"minecraft:lingering_potion":1,"minecraft:spruce_log":3,"minecraft:diamond_pickaxe":50,"minecraft:apple":1,"minecraft:iron_pickaxe":347,"minecraft:bread":42,"minecraft:soul_lantern":1,"minecraft:stone_axe":2,"minecraft:cobblestone":88,"minecraft:potion":12,"minecraft:cooked_porkchop":8,"minecraft:bucket":6,"minecraft:pumpkin_pie":9,"dungeonnowloading:cobblestone_pebble":2,"minecraft:splash_potion":10,"minecraft:azalea":1},"minecraft:killed":{"dungeonnowloading:spawner_carrier":1,"dungeonnowloading:hollow":1,"minecraft:spider":10,"minecraft:skeleton":15,"minecraft:chicken":1,"minecraft:pig":4,"minecraft:creeper":2,"minecraft:sheep":2,"minecraft:pillager":4,"minecraft:zombie":25,"minecraft:stray":1},"minecraft:mined":{"dungeonnowloading:iron_ingot_pile":5,"minecraft:diamond_ore":9,"minecraft:spruce_planks":23,"minecraft:tuff":4,"minecraft:deepslate_diamond_ore":10,"minecraft:cave_vines_plant":1,"minecraft:grass_block":1,"minecraft:decorated_pot":2,"minecraft:coal_block":4,"minecraft:spruce_leaves":13,"minecraft:composter":1,"minecraft:moss_block":6,"minecraft:spawner":2,"minecraft:large_fern":8,"minecraft:hay_block":17,"minecraft:redstone_ore":2,"minecraft:furnace":4,"minecraft:iron_ore":84,"minecraft:fire":2,"minecraft:snow":13,"minecraft:big_dripleaf_stem":1,"minecraft:oak_stairs":1,"minecraft:bookshelf":38,"minecraft:cave_vines":1,"minecraft:deepslate_iron_ore":28,"minecraft:iron_bars":3,"minecraft:spruce_pressure_plate":1,"minecraft:packed_ice":1,"minecraft:spruce_wood":1,"minecraft:iron_block":5,"minecraft:stone":97,"minecraft:deepslate_redstone_ore":3,"minecraft:brown_mushroom":9,"minecraft:red_bed":1,"minecraft:snow_block":71,"minecraft:amethyst_cluster":12,"minecraft:soul_lantern":1,"minecraft:clay":1,"minecraft:crafting_table":15,"minecraft:torch":8,"minecraft:poppy":3,"minecraft:chest":1,"minecraft:lectern":5,"minecraft:campfire":1,"minecraft:copper_ore":2,"minecraft:tall_grass":2,"minecraft:cobblestone":34,"minecraft:oak_planks":3,"minecraft:lapis_ore":2,"minecraft:sugar_cane":1,"minecraft:diorite":21,"minecraft:blue_bed":2,"minecraft:wall_torch":6,"minecraft:amethyst_block":6,"minecraft:spruce_stairs":1,"minecraft:sweet_berry_bush":2,"minecraft:ice":7,"minecraft:blue_ice":2,"minecraft:spruce_log":92,"minecraft:grass":3,"minecraft:coal_ore":88,"minecraft:cyan_carpet":9,"minecraft:dirt":5,"minecraft:infested_cracked_stone_bricks":1,"minecraft:cracked_stone_bricks":1,"minecraft:polished_andesite":1,"minecraft:stone_bricks":9,"minecraft:mossy_stone_bricks":2,"minecraft:deepslate":15,"minecraft:fern":1},"minecraft:custom":{"minecraft:mob_kills":71,"minecraft:interact_with_crafting_table":47,"minecraft:open_barrel":69,"minecraft:leave_game":4,"minecraft:time_since_death":96683,"minecraft:climb_one_cm":12704,"minecraft:sprint_one_cm":534742,"minecraft:walk_one_cm":379780,"minecraft:drop":136,"minecraft:talked_to_villager":5,"minecraft:play_time":148838,"minecraft:deaths":3,"minecraft:sneak_time":14253,"minecraft:walk_under_water_one_cm":12308,"minecraft:interact_with_brewingstand":16,"minecraft:jump":3028,"minecraft:walk_on_water_one_cm":40876,"minecraft:total_world_time":148838,"minecraft:interact_with_furnace":48,"minecraft:play_record":2,"minecraft:sleep_in_bed":4,"minecraft:time_since_rest":17404,"minecraft:damage_taken":4559,"minecraft:damage_dealt":9456,"minecraft:swim_one_cm":63473,"minecraft:fly_one_cm":644691,"minecraft:open_chest":84,"minecraft:crouch_one_cm":31998,"minecraft:fall_one_cm":68348},"minecraft:picked_up":{"minecraft:wooden_axe":5,"minecraft:iron_chestplate":3,"minecraft:charcoal":2,"minecraft:crafting_table":17,"minecraft:wheat":7,"minecraft:splash_potion":7,"minecraft:chicken":1,"minecraft:clay_ball":4,"minecraft:anvil":2,"minecraft:brown_mushroom":9,"minecraft:wooden_pickaxe":1,"dungeonnowloading:cobblestone_pebble":17,"minecraft:oak_stairs":1,"minecraft:potion":4,"minecraft:shield":2,"minecraft:brick":4,"minecraft:amethyst_block":6,"minecraft:music_disc_cat":2,"minecraft:string":7,"minecraft:red_bed":1,"minecraft:moss_carpet":5,"minecraft:iron_axe":4,"minecraft:iron_leggings":3,"dungeonnowloading:spawner_fragment":9,"minecraft:cracked_stone_bricks":1,"minecraft:cobbled_deepslate":14,"minecraft:bucket":1,"minecraft:spruce_planks":162,"minecraft:azalea":2,"minecraft:poppy":3,"minecraft:iron_pickaxe":2,"dungeonnowloading:mossy_cobblestone_pebble":5,"minecraft:lectern":5,"minecraft:coal_block":4,"minecraft:sugar_cane":7,"minecraft:chest":1,"minecraft:furnace":6,"minecraft:iron_boots":3,"minecraft:egg":1,"minecraft:spruce_pressure_plate":1,"minecraft:stick":23,"minecraft:raw_iron":117,"minecraft:composter":1,"minecraft:big_dripleaf":2,"minecraft:torch":37,"minecraft:spruce_stairs":1,"minecraft:porkchop":8,"minecraft:diorite":9,"minecraft:carrot":3,"minecraft:redstone":23,"minecraft:arrow":139,"minecraft:rotten_flesh":27,"minecraft:decorated_pot":2,"minecraft:music_disc_ward":1,"minecraft:hay_block":21,"minecraft:iron_block":5,"minecraft:saddle":1,"minecraft:glow_berries":88,"minecraft:mutton":2,"minecraft:iron_bars":3,"minecraft:cobblestone":142,"paladins:priest_robe_legs":1,"minecraft:leather":14,"minecraft:flint":2,"immersive_melodies:bagpipe":1,"minecraft:tuff":4,"minecraft:gunpowder":1,"minecraft:lapis_lazuli":66,"minecraft:dirt":8,"minecraft:blue_bed":2,"minecraft:lantern":2,"minecraft:name_tag":2,"minecraft:cooked_mutton":5,"minecraft:bone":23,"minecraft:apple":26,"minecraft:stone_bricks":10,"minecraft:bow":4,"minecraft:wheat_seeds":3,"minecraft:iron_ingot":22,"minecraft:stone_pickaxe":1,"minecraft:mossy_stone_bricks":1,"minecraft:glass_bottle":3,"minecraft:oak_planks":3,"minecraft:book":116,"dungeonnowloading:spawner_frame":2,"minecraft:sweet_berries":16,"minecraft:amethyst_shard":58,"minecraft:spruce_sapling":74,"minecraft:spruce_log":212,"minecraft:spider_eye":1,"minecraft:barrel":2,"minecraft:polished_andesite":2,"minecraft:diamond":23,"minecraft:soul_lantern":1,"minecraft:iron_helmet":3,"minecraft:bone_meal":1,"minecraft:gray_wool":2,"minecraft:spruce_sign":18,"minecraft:bread":15,"minecraft:baked_potato":1,"minecraft:damaged_anvil":2,"dungeonnowloading:soul_cloth":1,"minecraft:coal":92}},"DataVersion":3465}