{"stats":{"minecraft:custom":{"minecraft:animals_bred":15,"minecraft:interact_with_crafting_table":70,"minecraft:open_barrel":97,"minecraft:leave_game":10,"minecraft:time_since_death":416246,"minecraft:damage_resisted":28,"minecraft:sprint_one_cm":1301668,"minecraft:damage_blocked_by_shield":89,"minecraft:drop":256,"minecraft:talked_to_villager":49,"minecraft:play_time":468401,"minecraft:deaths":3,"minecraft:jump":6212,"minecraft:interact_with_brewingstand":16,"minecraft:walk_on_water_one_cm":176743,"minecraft:interact_with_furnace":87,"minecraft:play_record":2,"minecraft:traded_with_villager":227,"minecraft:sleep_in_bed":12,"minecraft:damage_dealt":34182,"minecraft:crouch_one_cm":84937,"minecraft:horse_one_cm":2277,"minecraft:interact_with_anvil":11,"minecraft:mob_kills":248,"minecraft:inspect_hopper":13,"minecraft:climb_one_cm":22515,"minecraft:walk_one_cm":1168663,"minecraft:sneak_time":33142,"minecraft:walk_under_water_one_cm":37168,"minecraft:boat_one_cm":125082,"minecraft:total_world_time":468401,"minecraft:time_since_rest":34868,"minecraft:damage_absorbed":137,"minecraft:damage_taken":8261,"minecraft:swim_one_cm":166880,"minecraft:fly_one_cm":1536472,"minecraft:open_chest":299,"minecraft:fall_one_cm":112385},"minecraft:broken":{"minecraft:wooden_axe":1},"minecraft:mined":{"dungeonnowloading:iron_ingot_pile":5,"minecraft:blue_carpet":1,"minecraft:large_amethyst_bud":1,"minecraft:spruce_planks":32,"minecraft:cave_vines_plant":1,"minecraft:stone_brick_wall":1,"minecraft:grass_block":399,"minecraft:infested_cobblestone":5,"minecraft:coal_block":38,"minecraft:deepslate_bricks":18,"minecraft:deepslate_tile_stairs":1,"minecraft:composter":1,"minecraft:chiseled_stone_bricks":1,"minecraft:spawner":8,"minecraft:raw_iron_block":47,"minecraft:iron_ore":202,"minecraft:cobbled_deepslate":9,"minecraft:fire":3,"minecraft:anvil":1,"create:asurine":24,"minecraft:cave_vines":1,"minecraft:oak_stairs":1,"minecraft:iron_bars":15,"minecraft:spruce_pressure_plate":1,"minecraft:spruce_wood":1,"minecraft:iron_block":61,"minecraft:spruce_slab":3,"minecraft:deepslate_redstone_ore":4,"minecraft:brown_mushroom":9,"dungeonnowloading:cobblestone_pebbles":3,"minecraft:red_bed":1,"minecraft:amethyst_cluster":12,"minecraft:soul_lantern":1,"minecraft:clay":1,"minecraft:torch":11,"minecraft:calcite":2,"minecraft:poppy":5,"minecraft:chest":1,"minecraft:cobblestone":50,"minecraft:oak_planks":3,"minecraft:sugar_cane":1,"minecraft:wall_torch":12,"minecraft:amethyst_block":27,"minecraft:yellow_wool":9,"minecraft:birch_log":12,"minecraft:blue_ice":2,"minecraft:grass":287,"minecraft:oak_log":32,"minecraft:dirt":175,"minecraft:infested_cracked_stone_bricks":2,"minecraft:raw_copper_block":2,"minecraft:deepslate":75,"minecraft:infested_deepslate":3,"create:zinc_ore":29,"minecraft:diamond_ore":10,"minecraft:tuff":34,"minecraft:mossy_cobblestone":3,"minecraft:deepslate_diamond_ore":23,"minecraft:spruce_fence":2,"minecraft:decorated_pot":2,"minecraft:spruce_leaves":13,"minecraft:moss_block":6,"minecraft:large_fern":8,"minecraft:hay_block":34,"minecraft:redstone_ore":16,"minecraft:furnace":4,"minecraft:polished_basalt":3,"minecraft:snow":13,"minecraft:andesite":57,"minecraft:big_dripleaf_stem":1,"minecraft:polished_deepslate":10,"minecraft:bookshelf":60,"minecraft:cobblestone_slab":2,"minecraft:deepslate_iron_ore":46,"minecraft:vine":4,"minecraft:packed_ice":3,"minecraft:stone":382,"minecraft:white_wool":6,"minecraft:redstone_block":3,"minecraft:glass_pane":2,"minecraft:soul_sand":4,"minecraft:snow_block":71,"minecraft:basalt":4,"minecraft:dandelion":3,"minecraft:oak_fence":2,"minecraft:crafting_table":15,"minecraft:cornflower":1,"minecraft:lectern":5,"minecraft:campfire":1,"minecraft:copper_ore":2,"minecraft:tall_grass":55,"minecraft:lapis_ore":14,"minecraft:deepslate_gold_ore":2,"minecraft:cracked_deepslate_bricks":5,"minecraft:diorite":21,"minecraft:blue_bed":4,"minecraft:spruce_stairs":1,"jewelry:deepslate_gem_vein":1,"minecraft:sweet_berry_bush":2,"minecraft:ice":13,"minecraft:spruce_log":105,"minecraft:coal_ore":265,"minecraft:cyan_carpet":9,"minecraft:cobweb":10,"minecraft:cracked_stone_bricks":3,"minecraft:polished_andesite":3,"minecraft:stone_bricks":18,"minecraft:mossy_stone_bricks":14,"minecraft:gold_ore":2,"minecraft:fern":1},"minecraft:killed_by":{"minecraft:zombie":1,"minecraft:skeleton":1},"minecraft:killed":{"minecraft:cave_spider":12,"dungeonnowloading:hollow":1,"minecraft:spider":16,"minecraft:skeleton":41,"minecraft:chicken":1,"minecraft:silverfish":22,"minecraft:pig":4,"minecraft:creeper":11,"minecraft:sheep":2,"minecraft:pillager":4,"minecraft:zombie":60,"minecraft:stray":25,"minecraft:cow":20,"dungeonnowloading:spawner_carrier":1,"minecraft:endermite":15,"minecraft:drowned":2,"minecraft:bat":1,"minecraft:enderman":1},"minecraft:crafted":{"minecraft:oak_planks":24,"minecraft:cobblestone_slab":96,"usefulbackpacks:backpack_small":1,"minecraft:bow":1,"minecraft:diamond_leggings":1,"minecraft:iron_boots":3,"minecraft:chest":8,"dungeonnowloading:spawner_boots":1,"minecraft:emerald":232,"minecraft:cooked_porkchop":8,"dungeonnowloading:spawner_frame":10,"minecraft:diamond_axe":1,"minecraft:crafting_table":9,"minecraft:spruce_planks":420,"minecraft:wooden_pickaxe":1,"minecraft:iron_helmet":4,"minecraft:red_wool":3,"minecraft:gold_block":25,"minecraft:iron_chestplate":3,"minecraft:diamond_pickaxe":2,"minecraft:emerald_block":102,"minecraft:stick":140,"usefulbackpacks:backpack_large":2,"minecraft:iron_ingot":533,"minecraft:iron_pickaxe":4,"minecraft:iron_block":62,"minecraft:gold_ingot":225,"minecraft:raw_iron":423,"minecraft:coal":378,"minecraft:furnace":2,"dungeonnowloading:spawner_leggings":1,"minecraft:iron_axe":3,"minecraft:stone_pickaxe":1,"minecraft:diamond_boots":1,"usefulbackpacks:backpack_medium":1,"minecraft:spruce_boat":1,"minecraft:wheat":189,"minecraft:cooked_beef":38,"minecraft:coal_block":28,"minecraft:red_dye":3,"minecraft:iron_sword":2,"minecraft:red_bed":1,"dungeonnowloading:cobblestone_pebble":288,"minecraft:bucket":1,"minecraft:stone_axe":1,"minecraft:enchanted_book":4,"minecraft:bread":27,"minecraft:air":0,"minecraft:white_wool":1,"dungeonnowloading:spawner_chestplate":1,"goldenfoods:golden_cooked_beef":28,"minecraft:wooden_axe":2,"minecraft:iron_shovel":1,"minecraft:iron_leggings":4,"minecraft:torch":360,"minecraft:diamond_chestplate":1},"minecraft:dropped":{"minecraft:spruce_sign":18,"minecraft:glass_bottle":13,"dungeonnowloading:cobblestone_pebble":14,"minecraft:lantern":5,"minecraft:cracked_stone_bricks":2,"minecraft:saddle":1,"minecraft:emerald":1,"minecraft:deepslate_tile_stairs":1,"minecraft:dirt":2,"minecraft:cornflower":1,"minecraft:writable_book":1,"minecraft:bone_meal":1,"minecraft:iron_pickaxe":3,"minecraft:birch_log":12,"minecraft:bone":28,"minecraft:stone_axe":1,"minecraft:sugar_cane":1,"minecraft:spyglass":1,"minecraft:cobbled_deepslate":28,"dungeonnowloading:spawner_leggings":1,"minecraft:rotten_flesh":38,"dungeonnowloading:mossy_cobblestone_pebble":5,"minecraft:oak_planks":3,"minecraft:cooked_mutton":3,"dungeonnowloading:spawner_chestplate":1,"minecraft:salmon":12,"minecraft:carrot":3,"minecraft:chiseled_stone_bricks":1,"minecraft:poppy":2,"minecraft:tipped_arrow":3,"minecraft:gunpowder":3,"minecraft:charcoal":11,"minecraft:spruce_pressure_plate":1,"minecraft:chest":1,"minecraft:spruce_slab":1,"minecraft:iron_bars":10,"minecraft:arrow":103,"minecraft:splash_potion":5,"minecraft:enchanted_book":8,"minecraft:golden_boots":1,"minecraft:iron_ingot":7,"minecraft:bread":17,"minecraft:golden_helmet":1,"minecraft:wheat_seeds":32,"minecraft:mossy_cobblestone":3,"minecraft:diamond_leggings":1,"minecraft:iron_helmet":4,"minecraft:oak_fence":1,"minecraft:golden_axe":1,"minecraft:cobblestone":12,"minecraft:book":38,"minecraft:apple":15,"minecraft:spruce_stairs":2,"minecraft:grass_block":2,"minecraft:coal":5,"minecraft:stick":5,"minecraft:polished_andesite":4,"minecraft:wooden_axe":6,"minecraft:diamond_helmet":1,"minecraft:potion":9,"minecraft:iron_leggings":4,"minecraft:iron_axe":5,"minecraft:polished_basalt":1,"minecraft:string":24,"minecraft:blue_carpet":1,"minecraft:bucket":7,"minecraft:music_disc_cat":1,"minecraft:dandelion":3,"minecraft:stone_brick_slab":1,"minecraft:polished_deepslate":1,"minecraft:moss_carpet":5,"minecraft:tuff":4,"minecraft:composter":1,"minecraft:chicken":1,"minecraft:clay_ball":4,"minecraft:iron_boots":3,"minecraft:spruce_fence":1,"minecraft:deepslate_bricks":14,"minecraft:filled_map":3,"minecraft:big_dripleaf":1,"minecraft:potato":12,"minecraft:cobblestone_slab":15,"dungeonnowloading:spawner_boots":1,"minecraft:spruce_planks":7,"minecraft:iron_chestplate":4,"minecraft:andesite":45,"minecraft:mossy_stone_bricks":6,"minecraft:spider_eye":4,"minecraft:stone_bricks":11,"minecraft:bow":3,"minecraft:stone_pickaxe":2,"minecraft:wooden_pickaxe":2,"minecraft:raw_gold":2,"minecraft:cracked_deepslate_bricks":3,"minecraft:brick":4},"minecraft:used":{"minecraft:writable_book":24,"minecraft:iron_shovel":84,"minecraft:spruce_slab":58,"minecraft:decorated_pot":2,"minecraft:chest":19,"minecraft:iron_sword":156,"minecraft:iron_chestplate":1,"minecraft:spruce_boat":1,"minecraft:big_dripleaf":1,"minecraft:grass_block":1156,"minecraft:music_disc_ward":1,"minecraft:lantern":138,"paladins:iron_claymore":18,"minecraft:iron_helmet":1,"minecraft:stone_bricks":275,"minecraft:deepslate_diamond_ore":1,"minecraft:bow":91,"minecraft:sweet_berries":16,"minecraft:furnace":4,"minecraft:egg":1,"paladins:golden_kite_shield":1,"minecraft:seagrass":20,"minecraft:mossy_stone_bricks":14,"minecraft:diorite":9,"minecraft:cow_spawn_egg":31,"minecraft:spruce_door":3,"minecraft:stone_pickaxe":62,"minecraft:ender_pearl":1,"minecraft:wooden_pickaxe":9,"minecraft:diamond_axe":309,"minecraft:blue_bed":4,"minecraft:oak_leaves":186,"minecraft:golden_apple":1,"minecraft:glow_berries":4,"rogues:diamond_dagger":147,"minecraft:lingering_potion":1,"minecraft:shears":1,"minecraft:lever":1,"minecraft:bread":78,"minecraft:string":3,"minecraft:lectern":1,"minecraft:diamond_ore":1,"minecraft:soul_lantern":1,"minecraft:diamond_sword":127,"dungeonnowloading:cobblestone_pebble":1601,"minecraft:oak_fence":1,"minecraft:azalea":1,"minecraft:oak_trapdoor":2,"minecraft:spruce_planks":327,"minecraft:oak_door":1,"minecraft:torch":209,"minecraft:dirt":249,"minecraft:spyglass":5,"minecraft:anvil":4,"minecraft:white_carpet":3,"minecraft:hopper":11,"minecraft:spruce_stairs":42,"minecraft:salmon_bucket":11,"minecraft:spruce_fence":389,"minecraft:stone_brick_slab":49,"minecraft:wooden_axe":75,"minecraft:iron_axe":69,"minecraft:tripwire_hook":2,"minecraft:cobbled_deepslate":13,"minecraft:iron_leggings":1,"minecraft:cooked_mutton":2,"minecraft:water_bucket":86,"minecraft:cobblestone_stairs":2,"minecraft:polished_andesite":182,"minecraft:baked_potato":1,"minecraft:copper_block":1,"minecraft:spruce_sign":9,"minecraft:cobblestone_slab":431,"minecraft:spruce_fence_gate":2,"minecraft:cracked_stone_bricks":1,"minecraft:mossy_cobblestone":12,"minecraft:rail":1,"minecraft:music_disc_cat":1,"minecraft:crafting_table":24,"minecraft:red_bed":1,"goldenfoods:enchanted_golden_cooked_beef":1,"minecraft:spruce_log":3,"minecraft:book":6,"minecraft:oak_log":32,"minecraft:diamond_pickaxe":1208,"minecraft:apple":1,"minecraft:diamond_shovel":574,"minecraft:iron_pickaxe":347,"minecraft:spruce_trapdoor":1,"minecraft:yellow_wool":2,"minecraft:stone_axe":2,"minecraft:enchanted_book":26,"minecraft:cobblestone":961,"minecraft:potion":12,"minecraft:cooked_porkchop":8,"minecraft:bucket":14,"minecraft:pumpkin_pie":58,"minecraft:splash_potion":10},"minecraft:picked_up":{"minecraft:wooden_axe":5,"minecraft:iron_chestplate":5,"minecraft:wheat":7,"minecraft:redstone_block":3,"minecraft:anvil":3,"minecraft:yellow_wool":9,"minecraft:oak_stairs":1,"minecraft:potion":4,"minecraft:enchanted_book":1,"minecraft:amethyst_block":27,"minecraft:polished_deepslate":8,"minecraft:music_disc_cat":2,"minecraft:string":2526,"minecraft:iron_leggings":4,"minecraft:cobbled_deepslate":73,"minecraft:bucket":7,"minecraft:spruce_planks":275,"minecraft:cobblestone_slab":2,"minecraft:azalea":2,"dungeonnowloading:mossy_cobblestone_pebble":5,"minecraft:iron_pickaxe":4,"minecraft:coal_block":78,"minecraft:furnace":6,"minecraft:iron_boots":4,"minecraft:tipped_arrow":5,"minecraft:golden_helmet":3,"minecraft:spruce_pressure_plate":1,"minecraft:stick":48,"paladins:diamond_claymore":1,"minecraft:composter":1,"minecraft:big_dripleaf":2,"minecraft:oak_fence":2,"minecraft:torch":51,"minecraft:spruce_stairs":1,"minecraft:porkchop":8,"minecraft:golden_axe":1,"minecraft:diorite":9,"minecraft:deepslate_tile_stairs":1,"minecraft:golden_chestplate":1,"minecraft:rotten_flesh":94,"minecraft:music_disc_ward":1,"minecraft:polished_basalt":3,"minecraft:iron_block":61,"minecraft:iron_bars":16,"minecraft:cobblestone":509,"minecraft:birch_log":12,"paladins:priest_robe_legs":1,"minecraft:andesite":58,"minecraft:potato":18,"minecraft:flint":2,"minecraft:tuff":33,"create:raw_zinc":52,"minecraft:lapis_lazuli":236,"minecraft:dirt":569,"minecraft:lantern":4,"minecraft:name_tag":16,"minecraft:bone":57,"minecraft:bow":5,"minecraft:wheat_seeds":46,"minecraft:raw_gold":6,"jewelry:sapphire":1,"minecraft:mossy_stone_bricks":10,"minecraft:oak_planks":6,"dungeonnowloading:spawner_frame":2,"dungeonnowloading:spawner_boots":1,"minecraft:barrel":2,"minecraft:mossy_cobblestone":2,"minecraft:polished_andesite":4,"minecraft:diamond":58,"minecraft:soul_lantern":1,"minecraft:writable_book":4,"minecraft:bone_meal":1,"minecraft:golden_apple":4,"minecraft:spruce_sign":18,"minecraft:emerald":11,"minecraft:bread":45,"minecraft:oak_sapling":15,"minecraft:charcoal":14,"minecraft:crafting_table":18,"dungeonnowloading:spawner_leggings":1,"minecraft:splash_potion":7,"minecraft:chicken":1,"minecraft:clay_ball":4,"minecraft:brown_mushroom":9,"minecraft:wooden_pickaxe":1,"dungeonnowloading:cobblestone_pebble":26,"minecraft:stone_brick_wall":1,"minecraft:gold_block":12,"minecraft:brick":4,"minecraft:shield":3,"minecraft:cornflower":1,"minecraft:red_bed":2,"minecraft:moss_carpet":5,"minecraft:iron_axe":5,"dungeonnowloading:spawner_fragment":37,"minecraft:cracked_stone_bricks":3,"minecraft:beef":38,"minecraft:spruce_slab":3,"minecraft:poppy":5,"minecraft:lectern":5,"minecraft:sugar_cane":7,"minecraft:chest":1,"minecraft:birch_sapling":1,"minecraft:egg":1,"minecraft:raw_iron":436,"minecraft:raw_gold_block":15,"minecraft:spruce_fence":2,"minecraft:carrot":3,"minecraft:redstone":118,"minecraft:blue_carpet":1,"minecraft:arrow":178,"dungeonnowloading:spawner_chestplate":1,"minecraft:decorated_pot":2,"minecraft:deepslate_bricks":18,"minecraft:hay_block":37,"minecraft:cracked_deepslate_bricks":4,"minecraft:saddle":1,"minecraft:gold_ingot":8,"minecraft:glow_berries":88,"minecraft:mutton":2,"minecraft:rail":1,"minecraft:white_wool":6,"minecraft:salmon":1,"minecraft:leather":30,"minecraft:filled_map":1,"immersive_melodies:bagpipe":1,"minecraft:oak_log":41,"minecraft:golden_boots":1,"minecraft:gunpowder":9,"minecraft:blue_bed":4,"minecraft:cooked_mutton":5,"minecraft:coast_armor_trim_smithing_template":2,"minecraft:apple":56,"minecraft:stone_bricks":15,"minecraft:iron_ingot":27,"minecraft:stone_pickaxe":1,"minecraft:glass_bottle":3,"minecraft:book":182,"minecraft:sweet_berries":16,"minecraft:chiseled_stone_bricks":1,"minecraft:dandelion":3,"minecraft:raw_iron_block":47,"minecraft:amethyst_shard":58,"minecraft:spruce_sapling":74,"minecraft:spruce_log":257,"minecraft:spruce_door":1,"minecraft:spider_eye":7,"minecraft:iron_helmet":5,"minecraft:gray_wool":2,"minecraft:baked_potato":1,"minecraft:damaged_anvil":2,"dungeonnowloading:soul_cloth":1,"minecraft:coal":492,"minecraft:ender_pearl":2}},"DataVersion":3465}