{"stats":{"minecraft:crafted":{"minecraft:bow":1,"minecraft:diamond_leggings":1,"minecraft:iron_boots":3,"minecraft:chest":8,"minecraft:cooked_porkchop":8,"dungeonnowloading:spawner_frame":4,"minecraft:diamond_axe":1,"minecraft:crafting_table":7,"minecraft:spruce_planks":228,"minecraft:wooden_pickaxe":1,"minecraft:iron_helmet":4,"minecraft:red_wool":3,"minecraft:iron_chestplate":3,"minecraft:diamond_pickaxe":1,"minecraft:stick":64,"minecraft:iron_ingot":166,"minecraft:iron_pickaxe":4,"minecraft:furnace":2,"minecraft:iron_axe":3,"minecraft:stone_pickaxe":1,"minecraft:diamond_boots":1,"minecraft:spruce_boat":1,"minecraft:wheat":81,"minecraft:red_dye":3,"minecraft:iron_sword":2,"minecraft:red_bed":1,"minecraft:bucket":1,"minecraft:stone_axe":1,"minecraft:bread":27,"minecraft:air":0,"minecraft:white_wool":1,"minecraft:wooden_axe":2,"minecraft:iron_shovel":1,"minecraft:iron_leggings":4,"minecraft:torch":72,"minecraft:diamond_chestplate":1},"minecraft:broken":{"minecraft:wooden_axe":1},"minecraft:dropped":{"minecraft:spruce_sign":18,"minecraft:glass_bottle":13,"dungeonnowloading:cobblestone_pebble":14,"minecraft:lantern":2,"minecraft:cracked_stone_bricks":2,"minecraft:saddle":1,"minecraft:deepslate_tile_stairs":1,"minecraft:bone_meal":1,"minecraft:iron_pickaxe":2,"minecraft:bone":18,"minecraft:stone_axe":1,"minecraft:sugar_cane":1,"minecraft:cobbled_deepslate":17,"minecraft:rotten_flesh":30,"dungeonnowloading:mossy_cobblestone_pebble":5,"minecraft:cooked_mutton":3,"minecraft:salmon":12,"minecraft:carrot":3,"minecraft:chiseled_stone_bricks":1,"minecraft:gunpowder":1,"minecraft:spruce_pressure_plate":1,"minecraft:iron_bars":6,"minecraft:arrow":52,"minecraft:splash_potion":5,"minecraft:golden_boots":1,"minecraft:iron_ingot":7,"minecraft:bread":12,"minecraft:wheat_seeds":3,"minecraft:golden_helmet":1,"minecraft:mossy_cobblestone":2,"minecraft:iron_helmet":4,"minecraft:cobblestone":12,"minecraft:book":2,"minecraft:spruce_stairs":1,"minecraft:coal":4,"minecraft:stick":2,"minecraft:polished_andesite":3,"minecraft:wooden_axe":6,"minecraft:potion":9,"minecraft:iron_leggings":4,"minecraft:iron_axe":5,"minecraft:string":6,"minecraft:bucket":1,"minecraft:music_disc_cat":1,"minecraft:moss_carpet":5,"minecraft:tuff":4,"minecraft:composter":1,"minecraft:chicken":1,"minecraft:clay_ball":4,"minecraft:iron_boots":3,"minecraft:deepslate_bricks":10,"minecraft:filled_map":1,"minecraft:big_dripleaf":1,"minecraft:spruce_planks":6,"minecraft:iron_chestplate":4,"minecraft:mossy_stone_bricks":5,"minecraft:stone_bricks":10,"minecraft:spider_eye":1,"minecraft:bow":2,"minecraft:stone_pickaxe":2,"minecraft:wooden_pickaxe":2,"minecraft:brick":4},"minecraft:killed_by":{"minecraft:zombie":1,"minecraft:skeleton":1},"minecraft:killed":{"dungeonnowloading:hollow":1,"minecraft:spider":10,"minecraft:skeleton":21,"minecraft:chicken":1,"minecraft:silverfish":8,"minecraft:pig":4,"minecraft:creeper":2,"minecraft:sheep":2,"minecraft:pillager":4,"minecraft:zombie":43,"minecraft:stray":1,"dungeonnowloading:spawner_carrier":1,"minecraft:endermite":1,"minecraft:drowned":2},"minecraft:used":{"minecraft:iron_shovel":84,"minecraft:decorated_pot":2,"minecraft:chest":8,"minecraft:iron_sword":156,"minecraft:iron_chestplate":1,"minecraft:big_dripleaf":1,"minecraft:music_disc_ward":1,"minecraft:iron_helmet":1,"minecraft:stone_bricks":4,"minecraft:deepslate_diamond_ore":1,"minecraft:bow":68,"minecraft:sweet_berries":16,"minecraft:furnace":4,"minecraft:egg":1,"minecraft:diorite":9,"minecraft:stone_pickaxe":62,"minecraft:wooden_pickaxe":9,"minecraft:blue_bed":1,"minecraft:diamond_axe":155,"minecraft:glow_berries":4,"rogues:diamond_dagger":31,"minecraft:lingering_potion":1,"minecraft:bread":62,"minecraft:soul_lantern":1,"dungeonnowloading:cobblestone_pebble":2,"minecraft:azalea":1,"minecraft:spruce_planks":179,"minecraft:torch":115,"minecraft:dirt":13,"minecraft:spyglass":5,"minecraft:wooden_axe":75,"minecraft:iron_axe":69,"minecraft:cobbled_deepslate":13,"minecraft:iron_leggings":1,"minecraft:cooked_mutton":2,"minecraft:water_bucket":9,"minecraft:polished_andesite":1,"minecraft:baked_potato":1,"minecraft:cracked_stone_bricks":1,"minecraft:music_disc_cat":1,"minecraft:crafting_table":22,"minecraft:red_bed":1,"minecraft:spruce_log":3,"minecraft:diamond_pickaxe":331,"minecraft:apple":1,"minecraft:iron_pickaxe":347,"minecraft:stone_axe":2,"minecraft:cobblestone":123,"minecraft:potion":12,"minecraft:cooked_porkchop":8,"minecraft:bucket":10,"minecraft:pumpkin_pie":13,"minecraft:splash_potion":10},"minecraft:mined":{"dungeonnowloading:iron_ingot_pile":5,"minecraft:spruce_planks":28,"minecraft:cave_vines_plant":1,"minecraft:grass_block":1,"minecraft:stone_brick_wall":1,"minecraft:infested_cobblestone":2,"minecraft:coal_block":8,"minecraft:deepslate_bricks":10,"minecraft:deepslate_tile_stairs":1,"minecraft:composter":1,"minecraft:chiseled_stone_bricks":1,"minecraft:spawner":4,"minecraft:raw_iron_block":21,"minecraft:cobbled_deepslate":8,"minecraft:iron_ore":84,"minecraft:fire":2,"minecraft:cave_vines":1,"minecraft:iron_bars":10,"minecraft:oak_stairs":1,"minecraft:spruce_pressure_plate":1,"minecraft:spruce_wood":1,"minecraft:iron_block":61,"minecraft:deepslate_redstone_ore":3,"minecraft:brown_mushroom":9,"minecraft:red_bed":1,"minecraft:amethyst_cluster":12,"minecraft:soul_lantern":1,"minecraft:clay":1,"minecraft:torch":9,"minecraft:poppy":3,"minecraft:chest":1,"minecraft:cobblestone":41,"minecraft:sugar_cane":1,"minecraft:oak_planks":3,"minecraft:wall_torch":10,"minecraft:amethyst_block":6,"minecraft:blue_ice":2,"minecraft:grass":3,"minecraft:dirt":5,"minecraft:infested_cracked_stone_bricks":2,"minecraft:raw_copper_block":2,"minecraft:deepslate":30,"minecraft:infested_deepslate":2,"minecraft:diamond_ore":9,"minecraft:tuff":27,"minecraft:mossy_cobblestone":3,"minecraft:deepslate_diamond_ore":10,"minecraft:decorated_pot":2,"minecraft:spruce_leaves":13,"minecraft:moss_block":6,"minecraft:large_fern":8,"minecraft:hay_block":17,"minecraft:redstone_ore":2,"minecraft:furnace":4,"minecraft:polished_basalt":2,"minecraft:snow":13,"minecraft:big_dripleaf_stem":1,"minecraft:polished_deepslate":4,"minecraft:bookshelf":38,"minecraft:deepslate_iron_ore":28,"minecraft:vine":1,"minecraft:packed_ice":1,"minecraft:stone":172,"minecraft:soul_sand":4,"minecraft:snow_block":71,"minecraft:basalt":4,"minecraft:crafting_table":15,"minecraft:campfire":1,"minecraft:lectern":5,"minecraft:tall_grass":2,"minecraft:copper_ore":2,"minecraft:lapis_ore":2,"minecraft:cracked_deepslate_bricks":1,"minecraft:diorite":21,"minecraft:blue_bed":2,"minecraft:spruce_stairs":1,"jewelry:deepslate_gem_vein":1,"minecraft:sweet_berry_bush":2,"minecraft:ice":7,"minecraft:spruce_log":92,"minecraft:coal_ore":91,"minecraft:cyan_carpet":9,"minecraft:cracked_stone_bricks":3,"minecraft:stone_bricks":17,"minecraft:polished_andesite":3,"minecraft:mossy_stone_bricks":11,"minecraft:fern":1},"minecraft:custom":{"minecraft:interact_with_crafting_table":48,"minecraft:open_barrel":69,"minecraft:leave_game":4,"minecraft:time_since_death":132683,"minecraft:sprint_one_cm":685825,"minecraft:drop":157,"minecraft:talked_to_villager":5,"minecraft:play_time":184838,"minecraft:deaths":3,"minecraft:jump":3388,"minecraft:interact_with_brewingstand":16,"minecraft:walk_on_water_one_cm":97787,"minecraft:interact_with_furnace":52,"minecraft:play_record":2,"minecraft:sleep_in_bed":4,"minecraft:damage_dealt":14652,"minecraft:crouch_one_cm":43570,"minecraft:mob_kills":106,"minecraft:climb_one_cm":14330,"minecraft:walk_one_cm":457778,"minecraft:sneak_time":18119,"minecraft:walk_under_water_one_cm":18128,"minecraft:total_world_time":184838,"minecraft:time_since_rest":53404,"minecraft:damage_taken":5623,"minecraft:swim_one_cm":90657,"minecraft:fly_one_cm":688126,"minecraft:open_chest":114,"minecraft:fall_one_cm":72350},"minecraft:picked_up":{"minecraft:wooden_axe":5,"minecraft:iron_chestplate":5,"minecraft:wheat":7,"minecraft:anvil":2,"minecraft:oak_stairs":1,"minecraft:potion":4,"minecraft:amethyst_block":6,"minecraft:polished_deepslate":5,"minecraft:music_disc_cat":2,"minecraft:string":7,"minecraft:iron_leggings":4,"minecraft:cobbled_deepslate":37,"minecraft:bucket":1,"minecraft:spruce_planks":271,"minecraft:azalea":2,"dungeonnowloading:mossy_cobblestone_pebble":5,"minecraft:iron_pickaxe":3,"minecraft:coal_block":48,"minecraft:iron_boots":4,"minecraft:furnace":6,"minecraft:golden_helmet":1,"minecraft:spruce_pressure_plate":1,"minecraft:stick":33,"paladins:diamond_claymore":1,"minecraft:composter":1,"minecraft:big_dripleaf":2,"minecraft:torch":46,"minecraft:spruce_stairs":1,"minecraft:porkchop":8,"minecraft:golden_axe":1,"minecraft:diorite":9,"minecraft:deepslate_tile_stairs":1,"minecraft:golden_chestplate":1,"minecraft:rotten_flesh":84,"minecraft:music_disc_ward":1,"minecraft:polished_basalt":2,"minecraft:iron_block":61,"minecraft:iron_bars":12,"minecraft:cobblestone":283,"paladins:priest_robe_legs":1,"minecraft:andesite":1,"minecraft:potato":6,"minecraft:flint":2,"minecraft:tuff":27,"minecraft:lapis_lazuli":66,"minecraft:dirt":8,"minecraft:lantern":2,"minecraft:name_tag":16,"minecraft:bone":27,"minecraft:bow":4,"minecraft:wheat_seeds":3,"jewelry:sapphire":1,"minecraft:mossy_stone_bricks":10,"minecraft:oak_planks":3,"dungeonnowloading:spawner_frame":2,"minecraft:barrel":2,"minecraft:mossy_cobblestone":2,"minecraft:polished_andesite":4,"minecraft:diamond":30,"minecraft:soul_lantern":1,"minecraft:bone_meal":1,"minecraft:golden_apple":4,"minecraft:spruce_sign":18,"minecraft:emerald":11,"minecraft:bread":45,"minecraft:charcoal":3,"minecraft:crafting_table":18,"minecraft:splash_potion":7,"minecraft:chicken":1,"minecraft:clay_ball":4,"minecraft:brown_mushroom":9,"dungeonnowloading:cobblestone_pebble":17,"minecraft:wooden_pickaxe":1,"minecraft:stone_brick_wall":1,"minecraft:gold_block":12,"minecraft:brick":4,"minecraft:shield":3,"minecraft:red_bed":2,"minecraft:moss_carpet":5,"minecraft:iron_axe":5,"dungeonnowloading:spawner_fragment":16,"minecraft:cracked_stone_bricks":3,"minecraft:poppy":3,"minecraft:lectern":5,"minecraft:sugar_cane":7,"minecraft:chest":1,"minecraft:egg":1,"minecraft:raw_iron":117,"minecraft:raw_gold_block":15,"minecraft:carrot":3,"minecraft:redstone":23,"minecraft:arrow":144,"minecraft:decorated_pot":2,"minecraft:deepslate_bricks":10,"minecraft:hay_block":21,"minecraft:cracked_deepslate_bricks":1,"minecraft:saddle":1,"minecraft:gold_ingot":6,"minecraft:glow_berries":88,"minecraft:mutton":2,"minecraft:leather":14,"immersive_melodies:bagpipe":1,"minecraft:oak_log":9,"minecraft:golden_boots":1,"minecraft:gunpowder":1,"minecraft:blue_bed":2,"minecraft:cooked_mutton":5,"minecraft:coast_armor_trim_smithing_template":2,"minecraft:apple":54,"minecraft:stone_bricks":14,"minecraft:iron_ingot":27,"minecraft:stone_pickaxe":1,"minecraft:glass_bottle":3,"minecraft:book":116,"minecraft:sweet_berries":16,"minecraft:chiseled_stone_bricks":1,"minecraft:raw_iron_block":21,"minecraft:amethyst_shard":58,"minecraft:spruce_sapling":74,"minecraft:spruce_log":244,"minecraft:spider_eye":1,"minecraft:iron_helmet":5,"minecraft:gray_wool":2,"minecraft:baked_potato":1,"minecraft:damaged_anvil":2,"minecraft:coal":109,"dungeonnowloading:soul_cloth":1,"minecraft:ender_pearl":1}},"DataVersion":3465}