{"stats":{"minecraft:broken":{"minecraft:wooden_axe":1},"minecraft:used":{"minecraft:azalea":1,"minecraft:iron_shovel":84,"minecraft:chest":5,"minecraft:decorated_pot":2,"minecraft:spruce_planks":132,"minecraft:iron_sword":156,"minecraft:iron_chestplate":1,"minecraft:torch":56,"minecraft:dirt":13,"minecraft:big_dripleaf":1,"minecraft:wooden_axe":75,"minecraft:iron_axe":69,"minecraft:music_disc_ward":1,"minecraft:iron_helmet":1,"minecraft:stone_bricks":4,"minecraft:deepslate_diamond_ore":1,"minecraft:bow":52,"minecraft:sweet_berries":16,"minecraft:furnace":4,"minecraft:egg":1,"minecraft:cobbled_deepslate":13,"minecraft:iron_leggings":1,"minecraft:cooked_mutton":2,"minecraft:water_bucket":3,"minecraft:diorite":9,"minecraft:stone_pickaxe":62,"minecraft:baked_potato":1,"minecraft:wooden_pickaxe":9,"minecraft:glow_berries":4,"minecraft:music_disc_cat":1,"minecraft:crafting_table":17,"minecraft:red_bed":1,"minecraft:lingering_potion":1,"minecraft:spruce_log":3,"minecraft:diamond_pickaxe":24,"minecraft:apple":1,"minecraft:bread":36,"minecraft:iron_pickaxe":347,"minecraft:soul_lantern":1,"minecraft:stone_axe":2,"minecraft:cobblestone":88,"minecraft:potion":12,"minecraft:cooked_porkchop":8,"minecraft:bucket":4,"minecraft:pumpkin_pie":2,"dungeonnowloading:cobblestone_pebble":2,"minecraft:splash_potion":10},"minecraft:custom":{"minecraft:mob_kills":62,"minecraft:interact_with_crafting_table":39,"minecraft:open_barrel":68,"minecraft:leave_game":4,"minecraft:time_since_death":61146,"minecraft:climb_one_cm":12130,"minecraft:sprint_one_cm":388702,"minecraft:walk_one_cm":301918,"minecraft:drop":116,"minecraft:talked_to_villager":1,"minecraft:play_time":113301,"minecraft:deaths":3,"minecraft:sneak_time":13063,"minecraft:walk_under_water_one_cm":9469,"minecraft:interact_with_brewingstand":16,"minecraft:jump":2364,"minecraft:walk_on_water_one_cm":12614,"minecraft:total_world_time":113301,"minecraft:interact_with_furnace":48,"minecraft:play_record":2,"minecraft:time_since_rest":61268,"minecraft:damage_taken":4245,"minecraft:damage_dealt":8173,"minecraft:swim_one_cm":25897,"minecraft:fly_one_cm":499907,"minecraft:open_chest":48,"minecraft:crouch_one_cm":29701,"minecraft:fall_one_cm":55755},"minecraft:crafted":{"minecraft:furnace":2,"minecraft:bow":1,"minecraft:iron_boots":1,"minecraft:iron_axe":2,"minecraft:stone_pickaxe":1,"minecraft:chest":5,"minecraft:wheat":81,"minecraft:red_dye":3,"minecraft:diamond_axe":1,"minecraft:cooked_porkchop":8,"minecraft:crafting_table":6,"minecraft:spruce_planks":172,"minecraft:wooden_pickaxe":1,"minecraft:iron_helmet":2,"minecraft:iron_sword":2,"minecraft:red_bed":1,"minecraft:red_wool":3,"minecraft:bucket":1,"minecraft:stone_axe":1,"minecraft:bread":27,"minecraft:air":0,"minecraft:diamond_pickaxe":1,"minecraft:white_wool":1,"minecraft:iron_chestplate":1,"minecraft:stick":52,"minecraft:iron_ingot":91,"minecraft:iron_pickaxe":3,"minecraft:wooden_axe":2,"minecraft:iron_shovel":1,"minecraft:iron_leggings":2,"minecraft:torch":44},"minecraft:killed":{"dungeonnowloading:spawner_carrier":1,"dungeonnowloading:hollow":1,"minecraft:spider":9,"minecraft:skeleton":12,"minecraft:chicken":1,"minecraft:pig":4,"minecraft:creeper":2,"minecraft:sheep":2,"minecraft:pillager":4,"minecraft:zombie":20,"minecraft:stray":1},"minecraft:mined":{"dungeonnowloading:iron_ingot_pile":5,"minecraft:diamond_ore":8,"minecraft:tuff":4,"minecraft:spruce_planks":16,"minecraft:deepslate_diamond_ore":10,"minecraft:cave_vines_plant":1,"minecraft:grass_block":1,"minecraft:decorated_pot":2,"minecraft:coal_block":3,"minecraft:spruce_leaves":13,"minecraft:composter":1,"minecraft:moss_block":6,"minecraft:spawner":2,"minecraft:large_fern":8,"minecraft:hay_block":17,"minecraft:redstone_ore":2,"minecraft:furnace":4,"minecraft:iron_ore":77,"minecraft:fire":2,"minecraft:snow":13,"minecraft:big_dripleaf_stem":1,"minecraft:cave_vines":1,"minecraft:deepslate_iron_ore":28,"minecraft:iron_bars":3,"minecraft:spruce_pressure_plate":1,"minecraft:packed_ice":1,"minecraft:spruce_wood":1,"minecraft:iron_block":3,"minecraft:stone":94,"minecraft:deepslate_redstone_ore":3,"minecraft:brown_mushroom":9,"minecraft:red_bed":1,"minecraft:snow_block":71,"minecraft:amethyst_cluster":12,"minecraft:soul_lantern":1,"minecraft:clay":1,"minecraft:crafting_table":11,"minecraft:torch":7,"minecraft:poppy":3,"minecraft:chest":1,"minecraft:campfire":1,"minecraft:copper_ore":2,"minecraft:tall_grass":1,"minecraft:cobblestone":34,"minecraft:lapis_ore":2,"minecraft:sugar_cane":1,"minecraft:diorite":21,"minecraft:blue_bed":1,"minecraft:wall_torch":3,"minecraft:amethyst_block":6,"minecraft:blue_ice":2,"minecraft:sweet_berry_bush":2,"minecraft:ice":7,"minecraft:spruce_log":92,"minecraft:grass":3,"minecraft:coal_ore":80,"minecraft:cyan_carpet":9,"minecraft:dirt":5,"minecraft:stone_bricks":8,"minecraft:mossy_stone_bricks":2,"minecraft:deepslate":15,"minecraft:fern":1},"minecraft:picked_up":{"minecraft:wooden_axe":5,"minecraft:crafting_table":13,"minecraft:charcoal":2,"minecraft:iron_chestplate":3,"minecraft:wheat":7,"minecraft:splash_potion":7,"minecraft:chicken":1,"minecraft:clay_ball":4,"minecraft:anvil":2,"minecraft:brown_mushroom":9,"minecraft:wooden_pickaxe":1,"dungeonnowloading:cobblestone_pebble":17,"minecraft:potion":4,"minecraft:shield":2,"minecraft:brick":4,"minecraft:amethyst_block":6,"minecraft:music_disc_cat":2,"minecraft:string":6,"minecraft:red_bed":1,"minecraft:moss_carpet":5,"minecraft:iron_axe":4,"minecraft:iron_leggings":3,"dungeonnowloading:spawner_fragment":9,"minecraft:cobbled_deepslate":14,"minecraft:bucket":1,"minecraft:spruce_planks":156,"minecraft:azalea":2,"minecraft:poppy":3,"minecraft:iron_pickaxe":2,"dungeonnowloading:mossy_cobblestone_pebble":5,"minecraft:coal_block":3,"minecraft:sugar_cane":7,"minecraft:chest":1,"minecraft:furnace":6,"minecraft:iron_boots":3,"minecraft:egg":1,"minecraft:spruce_pressure_plate":1,"minecraft:stick":23,"minecraft:raw_iron":110,"minecraft:composter":1,"minecraft:big_dripleaf":2,"minecraft:torch":30,"minecraft:porkchop":8,"minecraft:diorite":9,"minecraft:carrot":3,"minecraft:redstone":23,"minecraft:arrow":135,"minecraft:rotten_flesh":27,"minecraft:decorated_pot":2,"minecraft:music_disc_ward":1,"minecraft:hay_block":21,"minecraft:iron_block":3,"minecraft:saddle":1,"minecraft:glow_berries":88,"minecraft:mutton":2,"minecraft:iron_bars":3,"minecraft:cobblestone":142,"minecraft:leather":14,"minecraft:flint":2,"immersive_melodies:bagpipe":1,"minecraft:tuff":4,"minecraft:gunpowder":1,"minecraft:blue_bed":1,"minecraft:lapis_lazuli":66,"minecraft:dirt":8,"minecraft:lantern":2,"minecraft:name_tag":2,"minecraft:cooked_mutton":5,"minecraft:bone":18,"minecraft:apple":26,"minecraft:stone_bricks":9,"minecraft:bow":4,"minecraft:wheat_seeds":3,"minecraft:iron_ingot":22,"minecraft:stone_pickaxe":1,"minecraft:mossy_stone_bricks":1,"minecraft:glass_bottle":3,"minecraft:book":2,"dungeonnowloading:spawner_frame":2,"minecraft:sweet_berries":16,"minecraft:amethyst_shard":58,"minecraft:spruce_sapling":74,"minecraft:spruce_log":212,"minecraft:spider_eye":1,"minecraft:barrel":2,"minecraft:diamond":22,"minecraft:soul_lantern":1,"minecraft:iron_helmet":2,"minecraft:bone_meal":1,"minecraft:gray_wool":2,"minecraft:spruce_sign":12,"minecraft:bread":15,"minecraft:baked_potato":1,"minecraft:damaged_anvil":2,"dungeonnowloading:soul_cloth":1,"minecraft:coal":84},"minecraft:dropped":{"minecraft:iron_ingot":3,"minecraft:bread":12,"minecraft:wheat_seeds":3,"minecraft:glass_bottle":13,"minecraft:iron_helmet":1,"minecraft:cobblestone":12,"minecraft:book":2,"dungeonnowloading:cobblestone_pebble":14,"minecraft:lantern":2,"minecraft:saddle":1,"minecraft:coal":4,"minecraft:stick":2,"minecraft:wooden_axe":6,"minecraft:potion":8,"minecraft:iron_leggings":1,"minecraft:bone_meal":1,"minecraft:iron_axe":4,"minecraft:iron_pickaxe":1,"minecraft:string":6,"minecraft:bucket":1,"minecraft:music_disc_cat":1,"minecraft:bone":17,"minecraft:stone_axe":1,"minecraft:moss_carpet":5,"minecraft:sugar_cane":1,"minecraft:cobbled_deepslate":1,"minecraft:tuff":4,"minecraft:composter":1,"minecraft:chicken":1,"minecraft:rotten_flesh":25,"dungeonnowloading:mossy_cobblestone_pebble":5,"minecraft:clay_ball":4,"minecraft:cooked_mutton":3,"minecraft:salmon":12,"minecraft:carrot":3,"minecraft:big_dripleaf":1,"minecraft:gunpowder":1,"minecraft:spruce_planks":6,"minecraft:iron_chestplate":1,"minecraft:spruce_pressure_plate":1,"minecraft:mossy_stone_bricks":1,"minecraft:spider_eye":1,"minecraft:stone_bricks":5,"minecraft:iron_bars":3,"minecraft:arrow":52,"minecraft:bow":2,"minecraft:stone_pickaxe":2,"minecraft:wooden_pickaxe":2,"minecraft:splash_potion":5,"minecraft:brick":4,"minecraft:spruce_sign":12},"minecraft:killed_by":{"minecraft:skeleton":1,"minecraft:zombie":1}},"DataVersion":3465}