{"stats":{"minecraft:crafted":{"minecraft:bow":1,"minecraft:diamond_leggings":1,"minecraft:iron_boots":3,"minecraft:chest":8,"minecraft:cooked_porkchop":8,"dungeonnowloading:spawner_frame":4,"minecraft:diamond_axe":1,"minecraft:crafting_table":7,"minecraft:spruce_planks":228,"minecraft:wooden_pickaxe":1,"minecraft:iron_helmet":4,"minecraft:red_wool":3,"minecraft:iron_chestplate":3,"minecraft:diamond_pickaxe":1,"minecraft:stick":64,"minecraft:iron_ingot":166,"minecraft:iron_pickaxe":4,"minecraft:furnace":2,"minecraft:iron_axe":3,"minecraft:stone_pickaxe":1,"minecraft:diamond_boots":1,"minecraft:spruce_boat":1,"minecraft:wheat":81,"minecraft:red_dye":3,"minecraft:iron_sword":2,"minecraft:red_bed":1,"minecraft:bucket":1,"minecraft:stone_axe":1,"minecraft:bread":27,"minecraft:air":0,"minecraft:white_wool":1,"minecraft:wooden_axe":2,"minecraft:iron_shovel":1,"minecraft:iron_leggings":4,"minecraft:torch":72,"minecraft:diamond_chestplate":1},"minecraft:broken":{"minecraft:wooden_axe":1},"minecraft:dropped":{"minecraft:spruce_sign":18,"minecraft:glass_bottle":13,"dungeonnowloading:cobblestone_pebble":14,"minecraft:lantern":2,"minecraft:cracked_stone_bricks":2,"minecraft:saddle":1,"minecraft:deepslate_tile_stairs":1,"minecraft:dirt":1,"minecraft:writable_book":1,"minecraft:bone_meal":1,"minecraft:iron_pickaxe":2,"minecraft:bone":23,"minecraft:stone_axe":1,"minecraft:sugar_cane":1,"minecraft:spyglass":1,"minecraft:cobbled_deepslate":28,"minecraft:rotten_flesh":32,"dungeonnowloading:mossy_cobblestone_pebble":5,"minecraft:cooked_mutton":3,"minecraft:salmon":12,"minecraft:carrot":3,"minecraft:chiseled_stone_bricks":1,"minecraft:gunpowder":1,"minecraft:spruce_pressure_plate":1,"minecraft:iron_bars":10,"minecraft:arrow":52,"minecraft:splash_potion":5,"minecraft:golden_boots":1,"minecraft:iron_ingot":7,"minecraft:bread":17,"minecraft:wheat_seeds":3,"minecraft:golden_helmet":1,"minecraft:mossy_cobblestone":2,"minecraft:oak_fence":1,"minecraft:golden_axe":1,"minecraft:iron_helmet":4,"minecraft:cobblestone":12,"minecraft:book":3,"minecraft:spruce_stairs":1,"minecraft:coal":4,"minecraft:stick":2,"minecraft:polished_andesite":3,"minecraft:wooden_axe":6,"minecraft:potion":9,"minecraft:iron_leggings":4,"minecraft:iron_axe":5,"minecraft:polished_basalt":1,"minecraft:string":14,"minecraft:blue_carpet":1,"minecraft:bucket":7,"minecraft:music_disc_cat":1,"minecraft:polished_deepslate":1,"minecraft:moss_carpet":5,"minecraft:tuff":4,"minecraft:composter":1,"minecraft:chicken":1,"minecraft:clay_ball":4,"minecraft:iron_boots":3,"minecraft:deepslate_bricks":14,"minecraft:filled_map":2,"minecraft:big_dripleaf":1,"minecraft:potato":12,"minecraft:spruce_planks":6,"minecraft:iron_chestplate":4,"minecraft:mossy_stone_bricks":5,"minecraft:stone_bricks":10,"minecraft:spider_eye":3,"minecraft:bow":2,"minecraft:stone_pickaxe":2,"minecraft:wooden_pickaxe":2,"minecraft:cracked_deepslate_bricks":3,"minecraft:brick":4},"minecraft:killed_by":{"minecraft:zombie":1,"minecraft:skeleton":1},"minecraft:killed":{"minecraft:cave_spider":6,"dungeonnowloading:hollow":1,"minecraft:spider":10,"minecraft:skeleton":29,"minecraft:chicken":1,"minecraft:silverfish":8,"minecraft:pig":4,"minecraft:creeper":2,"minecraft:sheep":2,"minecraft:pillager":4,"minecraft:zombie":49,"minecraft:stray":1,"dungeonnowloading:spawner_carrier":1,"minecraft:endermite":15,"minecraft:drowned":2},"minecraft:used":{"minecraft:writable_book":23,"minecraft:iron_shovel":84,"minecraft:decorated_pot":2,"minecraft:chest":8,"minecraft:iron_sword":156,"minecraft:iron_chestplate":1,"minecraft:big_dripleaf":1,"minecraft:spruce_boat":1,"minecraft:music_disc_ward":1,"minecraft:iron_helmet":1,"minecraft:stone_bricks":5,"minecraft:deepslate_diamond_ore":1,"minecraft:bow":84,"minecraft:sweet_berries":16,"minecraft:furnace":4,"minecraft:egg":1,"minecraft:diorite":9,"minecraft:stone_pickaxe":62,"minecraft:wooden_pickaxe":9,"minecraft:blue_bed":1,"minecraft:diamond_axe":204,"minecraft:glow_berries":4,"rogues:diamond_dagger":91,"minecraft:lingering_potion":1,"minecraft:bread":78,"minecraft:soul_lantern":1,"dungeonnowloading:cobblestone_pebble":2,"minecraft:oak_fence":1,"minecraft:azalea":1,"minecraft:spruce_planks":179,"minecraft:torch":128,"minecraft:dirt":13,"minecraft:spyglass":5,"minecraft:wooden_axe":75,"minecraft:iron_axe":69,"minecraft:cobbled_deepslate":13,"minecraft:iron_leggings":1,"minecraft:cooked_mutton":2,"minecraft:water_bucket":9,"minecraft:polished_andesite":1,"minecraft:baked_potato":1,"minecraft:cracked_stone_bricks":1,"minecraft:music_disc_cat":1,"minecraft:crafting_table":22,"minecraft:red_bed":1,"minecraft:book":6,"minecraft:spruce_log":3,"minecraft:oak_log":3,"minecraft:diamond_pickaxe":525,"minecraft:apple":1,"minecraft:iron_pickaxe":347,"minecraft:stone_axe":2,"minecraft:enchanted_book":26,"minecraft:cobblestone":179,"minecraft:potion":12,"minecraft:cooked_porkchop":8,"minecraft:bucket":10,"minecraft:pumpkin_pie":15,"minecraft:splash_potion":10},"minecraft:mined":{"dungeonnowloading:iron_ingot_pile":5,"minecraft:blue_carpet":1,"minecraft:large_amethyst_bud":1,"minecraft:spruce_planks":29,"minecraft:cave_vines_plant":1,"minecraft:grass_block":1,"minecraft:stone_brick_wall":1,"minecraft:infested_cobblestone":2,"minecraft:coal_block":8,"minecraft:deepslate_bricks":18,"minecraft:deepslate_tile_stairs":1,"minecraft:composter":1,"minecraft:chiseled_stone_bricks":1,"minecraft:spawner":4,"minecraft:raw_iron_block":44,"minecraft:cobbled_deepslate":9,"minecraft:iron_ore":84,"minecraft:fire":2,"create:asurine":24,"minecraft:cave_vines":1,"minecraft:iron_bars":15,"minecraft:oak_stairs":1,"minecraft:spruce_pressure_plate":1,"minecraft:spruce_wood":1,"minecraft:iron_block":61,"minecraft:deepslate_redstone_ore":3,"minecraft:brown_mushroom":9,"minecraft:red_bed":1,"minecraft:amethyst_cluster":12,"minecraft:soul_lantern":1,"minecraft:clay":1,"minecraft:torch":10,"minecraft:calcite":2,"minecraft:poppy":3,"minecraft:chest":1,"minecraft:cobblestone":42,"minecraft:sugar_cane":1,"minecraft:oak_planks":3,"minecraft:wall_torch":10,"minecraft:amethyst_block":27,"minecraft:blue_ice":2,"minecraft:grass":3,"minecraft:oak_log":3,"minecraft:dirt":9,"minecraft:infested_cracked_stone_bricks":2,"minecraft:raw_copper_block":2,"minecraft:deepslate":65,"minecraft:infested_deepslate":3,"create:zinc_ore":5,"minecraft:diamond_ore":9,"minecraft:tuff":30,"minecraft:mossy_cobblestone":3,"minecraft:deepslate_diamond_ore":10,"minecraft:decorated_pot":2,"minecraft:spruce_leaves":13,"minecraft:moss_block":6,"minecraft:large_fern":8,"minecraft:hay_block":34,"minecraft:redstone_ore":2,"minecraft:furnace":4,"minecraft:polished_basalt":3,"minecraft:snow":13,"minecraft:big_dripleaf_stem":1,"minecraft:polished_deepslate":10,"minecraft:bookshelf":60,"minecraft:deepslate_iron_ore":28,"minecraft:vine":4,"minecraft:packed_ice":1,"minecraft:stone":213,"minecraft:redstone_block":3,"minecraft:soul_sand":4,"minecraft:snow_block":71,"minecraft:basalt":4,"minecraft:oak_fence":2,"minecraft:crafting_table":15,"minecraft:campfire":1,"minecraft:lectern":5,"minecraft:tall_grass":2,"minecraft:copper_ore":2,"minecraft:lapis_ore":2,"minecraft:cracked_deepslate_bricks":5,"minecraft:diorite":21,"minecraft:blue_bed":2,"minecraft:spruce_stairs":1,"jewelry:deepslate_gem_vein":1,"minecraft:sweet_berry_bush":2,"minecraft:ice":7,"minecraft:spruce_log":92,"minecraft:coal_ore":91,"minecraft:cyan_carpet":9,"minecraft:cracked_stone_bricks":3,"minecraft:stone_bricks":18,"minecraft:polished_andesite":3,"minecraft:mossy_stone_bricks":14,"minecraft:fern":1},"minecraft:custom":{"minecraft:interact_with_crafting_table":48,"minecraft:open_barrel":69,"minecraft:leave_game":4,"minecraft:time_since_death":180683,"minecraft:sprint_one_cm":877215,"minecraft:drop":188,"minecraft:talked_to_villager":5,"minecraft:play_time":232838,"minecraft:deaths":3,"minecraft:jump":3901,"minecraft:interact_with_brewingstand":16,"minecraft:walk_on_water_one_cm":125014,"minecraft:interact_with_furnace":52,"minecraft:play_record":2,"minecraft:sleep_in_bed":4,"minecraft:damage_dealt":18805,"minecraft:crouch_one_cm":51125,"minecraft:mob_kills":143,"minecraft:climb_one_cm":19721,"minecraft:walk_one_cm":566012,"minecraft:sneak_time":20215,"minecraft:walk_under_water_one_cm":20291,"minecraft:total_world_time":232838,"minecraft:time_since_rest":101404,"minecraft:damage_taken":6291,"minecraft:swim_one_cm":100479,"minecraft:fly_one_cm":760647,"minecraft:open_chest":157,"minecraft:fall_one_cm":82812},"minecraft:picked_up":{"minecraft:wooden_axe":5,"minecraft:iron_chestplate":5,"minecraft:wheat":7,"minecraft:redstone_block":3,"minecraft:anvil":2,"minecraft:oak_stairs":1,"minecraft:enchanted_book":1,"minecraft:potion":4,"minecraft:amethyst_block":27,"minecraft:polished_deepslate":8,"minecraft:music_disc_cat":2,"minecraft:string":18,"minecraft:iron_leggings":4,"minecraft:cobbled_deepslate":58,"minecraft:bucket":7,"minecraft:spruce_planks":272,"minecraft:azalea":2,"dungeonnowloading:mossy_cobblestone_pebble":5,"minecraft:iron_pickaxe":4,"minecraft:coal_block":48,"minecraft:iron_boots":4,"minecraft:furnace":6,"minecraft:golden_helmet":3,"minecraft:spruce_pressure_plate":1,"minecraft:stick":33,"paladins:diamond_claymore":1,"minecraft:composter":1,"minecraft:big_dripleaf":2,"minecraft:oak_fence":2,"minecraft:torch":48,"minecraft:spruce_stairs":1,"minecraft:porkchop":8,"minecraft:golden_axe":1,"minecraft:diorite":9,"minecraft:deepslate_tile_stairs":1,"minecraft:golden_chestplate":1,"minecraft:rotten_flesh":88,"minecraft:music_disc_ward":1,"minecraft:polished_basalt":3,"minecraft:iron_block":61,"minecraft:iron_bars":16,"minecraft:cobblestone":333,"paladins:priest_robe_legs":1,"minecraft:andesite":1,"minecraft:potato":18,"minecraft:flint":2,"minecraft:tuff":27,"minecraft:lapis_lazuli":66,"minecraft:dirt":9,"minecraft:lantern":2,"minecraft:name_tag":16,"minecraft:bone":33,"minecraft:bow":4,"minecraft:wheat_seeds":3,"jewelry:sapphire":1,"minecraft:mossy_stone_bricks":10,"minecraft:oak_planks":3,"dungeonnowloading:spawner_frame":2,"minecraft:barrel":2,"minecraft:mossy_cobblestone":2,"minecraft:polished_andesite":4,"minecraft:diamond":30,"minecraft:soul_lantern":1,"minecraft:writable_book":4,"minecraft:bone_meal":1,"minecraft:golden_apple":4,"minecraft:spruce_sign":18,"minecraft:emerald":11,"minecraft:bread":45,"minecraft:charcoal":3,"minecraft:crafting_table":18,"minecraft:splash_potion":7,"minecraft:chicken":1,"minecraft:clay_ball":4,"minecraft:brown_mushroom":9,"dungeonnowloading:cobblestone_pebble":17,"minecraft:wooden_pickaxe":1,"minecraft:stone_brick_wall":1,"minecraft:gold_block":12,"minecraft:brick":4,"minecraft:shield":3,"minecraft:red_bed":2,"minecraft:moss_carpet":5,"minecraft:iron_axe":5,"dungeonnowloading:spawner_fragment":16,"minecraft:cracked_stone_bricks":3,"minecraft:poppy":3,"minecraft:lectern":5,"minecraft:sugar_cane":7,"minecraft:chest":1,"minecraft:egg":1,"minecraft:raw_iron":117,"minecraft:raw_gold_block":15,"minecraft:carrot":3,"minecraft:redstone":23,"minecraft:blue_carpet":1,"minecraft:arrow":154,"minecraft:decorated_pot":2,"minecraft:deepslate_bricks":18,"minecraft:hay_block":37,"minecraft:cracked_deepslate_bricks":4,"minecraft:saddle":1,"minecraft:gold_ingot":8,"minecraft:glow_berries":88,"minecraft:mutton":2,"minecraft:leather":14,"minecraft:filled_map":1,"immersive_melodies:bagpipe":1,"minecraft:oak_log":12,"minecraft:golden_boots":1,"minecraft:gunpowder":1,"minecraft:blue_bed":2,"minecraft:cooked_mutton":5,"minecraft:coast_armor_trim_smithing_template":2,"minecraft:apple":54,"minecraft:stone_bricks":15,"minecraft:iron_ingot":27,"minecraft:stone_pickaxe":1,"minecraft:glass_bottle":3,"minecraft:book":182,"minecraft:sweet_berries":16,"minecraft:chiseled_stone_bricks":1,"minecraft:raw_iron_block":44,"minecraft:amethyst_shard":58,"minecraft:spruce_sapling":74,"minecraft:spruce_log":244,"minecraft:spider_eye":4,"minecraft:iron_helmet":5,"minecraft:gray_wool":2,"minecraft:baked_potato":1,"minecraft:damaged_anvil":2,"minecraft:coal":109,"dungeonnowloading:soul_cloth":1,"minecraft:ender_pearl":1}},"DataVersion":3465}