{"stats":{"minecraft:dropped":{"minecraft:torch":4,"minecraft:white_wool":16},"minecraft:used":{"minecraft:bread":1},"minecraft:custom":{"minecraft:jump":174,"minecraft:time_since_rest":13516,"minecraft:damage_taken":10,"minecraft:crouch_one_cm":913,"minecraft:leave_game":4,"minecraft:play_time":13516,"minecraft:sprint_one_cm":14681,"minecraft:time_since_death":13516,"minecraft:walk_on_water_one_cm":107,"minecraft:walk_one_cm":22968,"minecraft:sneak_time":408,"minecraft:total_world_time":13516,"minecraft:walk_under_water_one_cm":147,"minecraft:swim_one_cm":474,"minecraft:fly_one_cm":349025,"minecraft:fall_one_cm":5341,"minecraft:drop":2,"minecraft:open_chest":1},"minecraft:mined":{"minecraft:large_fern":3,"minecraft:grass":3,"minecraft:fern":2}},"DataVersion":3465}