{"stats":{"minecraft:used":{"minecraft:bread":1},"minecraft:custom":{"minecraft:jump":145,"minecraft:time_since_rest":4344,"minecraft:leave_game":1,"minecraft:crouch_one_cm":913,"minecraft:walk_on_water_one_cm":107,"minecraft:sprint_one_cm":12977,"minecraft:play_time":4344,"minecraft:damage_taken":10,"minecraft:time_since_death":4344,"minecraft:walk_one_cm":21956,"minecraft:sneak_time":244,"minecraft:total_world_time":4344,"minecraft:walk_under_water_one_cm":147,"minecraft:swim_one_cm":474,"minecraft:fall_one_cm":5341,"minecraft:fly_one_cm":41281,"minecraft:open_chest":1},"minecraft:mined":{"minecraft:large_fern":3,"minecraft:grass":3,"minecraft:fern":2}},"DataVersion":3465}