{"stats":{"minecraft:custom":{"minecraft:mob_kills":39,"minecraft:interact_with_anvil":5,"minecraft:animals_bred":15,"minecraft:inspect_hopper":8,"minecraft:interact_with_crafting_table":26,"minecraft:open_barrel":54,"minecraft:leave_game":11,"minecraft:time_since_death":355638,"minecraft:climb_one_cm":21467,"minecraft:sprint_one_cm":620851,"minecraft:walk_one_cm":1026919,"minecraft:drop":217,"minecraft:talked_to_villager":653,"minecraft:target_hit":2,"minecraft:play_time":366194,"minecraft:deaths":1,"minecraft:sneak_time":15606,"minecraft:walk_under_water_one_cm":4775,"minecraft:boat_one_cm":231444,"minecraft:jump":3300,"minecraft:interact_with_blast_furnace":9,"minecraft:walk_on_water_one_cm":23273,"minecraft:total_world_time":366194,"minecraft:interact_with_furnace":11,"minecraft:traded_with_villager":988,"minecraft:interact_with_grindstone":10,"minecraft:sleep_in_bed":13,"minecraft:time_since_rest":348,"minecraft:damage_taken":1617,"minecraft:damage_dealt":7679,"minecraft:swim_one_cm":1607,"minecraft:fly_one_cm":1178364,"minecraft:open_chest":233,"minecraft:crouch_one_cm":37707,"minecraft:fall_one_cm":73857,"minecraft:horse_one_cm":21213},"minecraft:broken":{"minecraft:stone_axe":1},"minecraft:mined":{"minecraft:deepslate_tiles":1,"minecraft:diamond_ore":2,"create:deepslate_zinc_ore":2,"minecraft:spruce_planks":18,"minecraft:white_bed":2,"minecraft:spruce_trapdoor":10,"minecraft:ladder":4,"minecraft:dark_oak_fence":2,"minecraft:grass_block":2,"minecraft:decorated_pot":3,"minecraft:coal_block":1,"minecraft:spruce_leaves":7,"minecraft:large_fern":1,"minecraft:hay_block":84,"minecraft:oak_trapdoor":2,"minecraft:furnace":2,"minecraft:iron_ore":25,"minecraft:snow":100,"minecraft:anvil":5,"minecraft:bookshelf":39,"minecraft:oak_stairs":1,"minecraft:purple_carpet":14,"minecraft:stripped_oak_log":6,"minecraft:stone":28,"minecraft:white_wool":4,"minecraft:spruce_slab":8,"minecraft:tripwire":17,"minecraft:podzol":4,"minecraft:oak_slab":1,"minecraft:red_wool":8,"minecraft:red_bed":4,"minecraft:stripped_dark_oak_log":2,"minecraft:spruce_door":3,"minecraft:crafting_table":7,"minecraft:torch":4,"minecraft:blast_furnace":3,"minecraft:lectern":404,"minecraft:tall_grass":21,"minecraft:cobblestone":12,"minecraft:deepslate_coal_ore":5,"minecraft:grindstone":1,"minecraft:oak_planks":4,"minecraft:wall_torch":2,"minecraft:spruce_stairs":6,"minecraft:white_terracotta":1,"minecraft:purple_bed":2,"minecraft:birch_log":31,"minecraft:sweet_berry_bush":5,"minecraft:spruce_log":124,"minecraft:stripped_oak_wood":1,"minecraft:grass":13,"minecraft:oak_log":176,"minecraft:coal_ore":29,"minecraft:zombie_head":2,"minecraft:dirt":7,"minecraft:stone_bricks":2,"minecraft:fern":5},"minecraft:killed_by":{"minecraft:skeleton":1},"minecraft:killed":{"mythicmounts:acencia":1,"minecraft:spider":2,"naturalist:duck":1,"minecraft:skeleton":3,"minecraft:chicken":1,"minecraft:snow_golem":3,"minecraft:pig":4,"naturalist:firefly":1,"minecraft:iron_golem":1,"minecraft:creeper":1,"minecraft:sheep":4,"minecraft:pillager":4,"minecraft:zombie":1,"minecraft:villager":1,"minecraft:cow":10},"minecraft:crafted":{"naturalist:cooked_duck":1,"minecraft:oak_planks":24,"minecraft:stone_shovel":10,"minecraft:coal":9,"usefulbackpacks:backpack_small":2,"minecraft:furnace":1,"minecraft:diamond_shovel":1,"minecraft:bookshelf":1,"minecraft:cooked_mutton":6,"jewelry:diamond_necklace":1,"minecraft:diamond_helmet":2,"minecraft:diamond_leggings":3,"minecraft:iron_boots":1,"minecraft:iron_axe":8,"minecraft:spruce_slab":6,"minecraft:slime_ball":9,"minecraft:stone_pickaxe":1,"minecraft:diamond_boots":2,"usefulbackpacks:backpack_medium":2,"minecraft:spruce_boat":1,"minecraft:stone_hoe":12,"minecraft:lead":2,"minecraft:wheat":153,"minecraft:cooked_beef":9,"minecraft:diamond_sword":1,"minecraft:emerald":1375,"minecraft:cooked_porkchop":9,"minecraft:diamond_axe":1,"minecraft:crafting_table":1,"minecraft:spruce_planks":68,"minecraft:iron_sword":9,"minecraft:iron_helmet":25,"minecraft:wooden_pickaxe":1,"minecraft:bell":18,"minecraft:smithing_table":1,"minecraft:hay_block":20,"minecraft:stone_axe":1,"minecraft:enchanted_book":9,"minecraft:air":0,"minecraft:lectern":1,"minecraft:white_wool":14,"minecraft:diamond_pickaxe":2,"minecraft:iron_chestplate":1,"minecraft:emerald_block":28,"minecraft:shield":12,"minecraft:stick":16,"usefulbackpacks:backpack_large":2,"minecraft:iron_ingot":25,"minecraft:iron_pickaxe":11,"minecraft:white_bed":1,"minecraft:spruce_fence_gate":2,"minecraft:shears":1,"minecraft:diamond_chestplate":2},"minecraft:dropped":{"minecraft:enchanted_book":1,"minecraft:spruce_sign":14,"minecraft:iron_sword":10,"minecraft:wheat_seeds":3,"minecraft:oak_log":2,"minecraft:iron_helmet":40,"minecraft:feather":2,"minecraft:book":3,"minecraft:grass_block":1,"minecraft:yellow_carpet":4,"minecraft:red_carpet":1,"minecraft:dirt":5,"minecraft:dark_oak_fence":2,"minecraft:iron_leggings":2,"minecraft:iron_axe":9,"minecraft:iron_pickaxe":12,"minecraft:string":2215,"minecraft:spruce_sapling":36,"minecraft:emerald_block":20,"minecraft:lever":1,"minecraft:stone_shovel":10,"minecraft:chicken":1,"minecraft:white_carpet":8,"minecraft:rotten_flesh":1,"minecraft:oak_planks":40,"minecraft:iron_boots":2,"minecraft:white_terracotta":1,"minecraft:white_bed":1,"minecraft:oak_sign":6,"minecraft:chainmail_chestplate":1,"minecraft:hay_block":1,"minecraft:shield":22,"minecraft:gunpowder":2,"minecraft:spruce_planks":7,"minecraft:iron_chestplate":3,"minecraft:oak_sapling":6,"minecraft:leather_leggings":1,"minecraft:spider_eye":1,"minecraft:arrow":6,"minecraft:wooden_pickaxe":1,"minecraft:bell":30,"minecraft:lectern":2,"minecraft:black_wool":1,"minecraft:brick":4,"minecraft:oak_slab":2,"minecraft:stone_hoe":12},"minecraft:picked_up":{"minecraft:iron_chestplate":2,"minecraft:crafting_table":8,"minecraft:ladder":4,"minecraft:chicken":1,"minecraft:anvil":5,"minecraft:leather_leggings":1,"minecraft:wooden_pickaxe":1,"minecraft:oak_stairs":1,"minecraft:shield":11,"minecraft:brick":4,"minecraft:red_bed":4,"minecraft:oak_trapdoor":2,"minecraft:string":8964,"minecraft:iron_leggings":1,"minecraft:white_carpet":8,"minecraft:zombie_head":2,"minecraft:oak_sign":8,"minecraft:spruce_planks":20,"minecraft:beef":21,"minecraft:spruce_slab":8,"minecraft:lectern":406,"minecraft:sugar_cane":4,"minecraft:coal_block":1,"minecraft:birch_sapling":2,"minecraft:spruce_trapdoor":10,"minecraft:iron_boots":1,"minecraft:furnace":2,"minecraft:stick":77,"minecraft:raw_iron":26,"naturalist:duck":2,"minecraft:torch":23,"minecraft:spruce_stairs":6,"minecraft:porkchop":9,"minecraft:arrow":8,"minecraft:rotten_flesh":1,"minecraft:decorated_pot":2,"minecraft:hay_block":84,"minecraft:saddle":1,"minecraft:white_terracotta":1,"minecraft:mutton":6,"minecraft:snowball":121,"minecraft:white_wool":7,"minecraft:cobblestone":66,"minecraft:stripped_oak_log":6,"minecraft:birch_log":31,"minecraft:feather":6,"minecraft:tripwire_hook":1,"minecraft:leather":9,"minecraft:oak_log":170,"minecraft:lily_pad":1,"minecraft:gunpowder":3,"minecraft:dirt":24,"minecraft:lantern":4,"naturalist:glow_goop":1,"minecraft:purple_carpet":14,"minecraft:red_carpet":1,"minecraft:bone":2,"minecraft:apple":5,"minecraft:stone_bricks":2,"minecraft:wheat_seeds":21,"minecraft:bell":12,"minecraft:stone_pickaxe":1,"minecraft:grindstone":1,"minecraft:iron_ingot":3,"minecraft:oak_planks":24,"minecraft:book":120,"minecraft:oak_slab":4,"minecraft:emerald_block":20,"minecraft:music_disc_13":1,"minecraft:sweet_berries":16,"minecraft:red_wool":8,"minecraft:spruce_sapling":50,"minecraft:blast_furnace":3,"minecraft:white_bed":2,"minecraft:spruce_log":236,"minecraft:spruce_door":3,"naturalist:duck_egg":2,"minecraft:spider_eye":2,"minecraft:purple_bed":2,"minecraft:yellow_carpet":4,"minecraft:stone_axe":1,"minecraft:spruce_boat":3,"minecraft:diamond":2,"minecraft:iron_helmet":14,"minecraft:spruce_sign":27,"minecraft:emerald":1,"minecraft:oak_sapling":61,"minecraft:coal":43,"minecraft:black_wool":1,"minecraft:dark_oak_fence":2},"minecraft:used":{"minecraft:oak_trapdoor":6,"minecraft:oak_fence":3,"rogues:flint_dagger":60,"weaponworks:diamond_scythe":3,"minecraft:spruce_slab":8,"minecraft:spruce_planks":26,"minecraft:decorated_pot":2,"minecraft:chest":17,"minecraft:iron_sword":117,"minecraft:iron_chestplate":1,"minecraft:torch":14,"minecraft:dirt":89,"minecraft:hopper":26,"minecraft:carrot":1,"minecraft:diamond_helmet":2,"minecraft:snowball":121,"minecraft:spruce_boat":3,"minecraft:grass_block":32,"minecraft:lantern":3,"minecraft:iron_axe":306,"minecraft:oak_stairs":1,"minecraft:iron_boots":1,"minecraft:diamond_chestplate":1,"minecraft:tripwire_hook":4,"minecraft:bow":2,"minecraft:beef":2,"minecraft:hay_block":1,"minecraft:sweet_berries":10,"minecraft:furnace":2,"paladins:stone_claymore":32,"minecraft:cooked_mutton":6,"minecraft:water_bucket":11,"minecraft:leather_leggings":1,"minecraft:diamond_boots":2,"minecraft:lead":1,"minecraft:stone_pickaxe":47,"minecraft:wooden_pickaxe":19,"minecraft:diamond_axe":460,"minecraft:spruce_fence_gate":2,"naturalist:duck_egg":1,"minecraft:oak_slab":2,"minecraft:red_bed":4,"minecraft:crafting_table":15,"minecraft:blast_furnace":3,"minecraft:white_bed":2,"minecraft:shears":1,"minecraft:spruce_log":6,"minecraft:lever":2,"minecraft:diamond_shovel":101,"minecraft:zombie_head":1,"minecraft:string":12,"minecraft:iron_pickaxe":56,"minecraft:lectern":405,"minecraft:spruce_trapdoor":4,"minecraft:stone_axe":147,"minecraft:diamond_sword":11,"minecraft:cobblestone":177,"minecraft:purple_bed":1,"naturalist:cooked_duck":1,"minecraft:smithing_table":1,"minecraft:grindstone":1,"minecraft:cooked_porkchop":2,"minecraft:bucket":3,"minecraft:pumpkin_pie":18,"minecraft:diamond_leggings":1}},"DataVersion":3465}