{"stats":{"minecraft:custom":{"minecraft:mob_kills":20,"minecraft:interact_with_anvil":1,"minecraft:interact_with_crafting_table":12,"minecraft:open_barrel":9,"minecraft:leave_game":10,"minecraft:time_since_death":87000,"minecraft:climb_one_cm":8998,"minecraft:sprint_one_cm":305387,"minecraft:walk_one_cm":253751,"minecraft:drop":25,"minecraft:talked_to_villager":6,"minecraft:play_time":97556,"minecraft:deaths":1,"minecraft:sneak_time":6105,"minecraft:walk_under_water_one_cm":1743,"minecraft:boat_one_cm":231444,"minecraft:jump":1393,"minecraft:interact_with_blast_furnace":9,"minecraft:walk_on_water_one_cm":1912,"minecraft:total_world_time":97556,"minecraft:interact_with_furnace":11,"minecraft:sleep_in_bed":6,"minecraft:time_since_rest":20262,"minecraft:damage_taken":948,"minecraft:damage_dealt":3460,"minecraft:swim_one_cm":1607,"minecraft:fly_one_cm":452961,"minecraft:open_chest":89,"minecraft:crouch_one_cm":14634,"minecraft:fall_one_cm":37864},"minecraft:broken":{"minecraft:stone_axe":1},"minecraft:mined":{"minecraft:diamond_ore":2,"create:deepslate_zinc_ore":2,"minecraft:spruce_planks":2,"minecraft:white_bed":2,"minecraft:dark_oak_fence":2,"minecraft:decorated_pot":3,"minecraft:coal_block":1,"minecraft:spruce_leaves":7,"minecraft:large_fern":1,"minecraft:hay_block":83,"minecraft:furnace":2,"minecraft:iron_ore":25,"minecraft:anvil":4,"minecraft:bookshelf":30,"minecraft:stone":28,"minecraft:white_wool":4,"minecraft:tripwire":3,"minecraft:podzol":4,"minecraft:red_wool":8,"minecraft:crafting_table":5,"minecraft:torch":3,"minecraft:blast_furnace":2,"minecraft:tall_grass":19,"minecraft:cobblestone":12,"minecraft:deepslate_coal_ore":5,"minecraft:grindstone":1,"minecraft:wall_torch":1,"minecraft:white_terracotta":1,"minecraft:sweet_berry_bush":5,"minecraft:spruce_log":124,"minecraft:grass":11,"minecraft:oak_log":38,"minecraft:coal_ore":29,"minecraft:zombie_head":2,"minecraft:dirt":7,"minecraft:fern":5},"minecraft:killed_by":{"minecraft:skeleton":1},"minecraft:killed":{"minecraft:spider":1,"naturalist:duck":1,"minecraft:pig":4,"minecraft:iron_golem":1,"minecraft:sheep":4,"minecraft:pillager":4,"minecraft:cow":5},"minecraft:crafted":{"naturalist:cooked_duck":1,"minecraft:coal":9,"usefulbackpacks:backpack_small":1,"minecraft:furnace":1,"minecraft:cooked_mutton":6,"minecraft:iron_boots":1,"minecraft:iron_axe":1,"minecraft:stone_pickaxe":1,"minecraft:spruce_boat":1,"minecraft:cooked_beef":9,"minecraft:emerald":81,"minecraft:cooked_porkchop":9,"minecraft:crafting_table":1,"minecraft:spruce_planks":20,"minecraft:wooden_pickaxe":1,"minecraft:stone_axe":1,"minecraft:air":0,"minecraft:iron_chestplate":1,"minecraft:stick":8,"minecraft:iron_ingot":25,"minecraft:iron_pickaxe":1,"minecraft:white_bed":1},"minecraft:dropped":{"minecraft:enchanted_book":1,"minecraft:spruce_sign":14,"minecraft:wheat_seeds":1,"minecraft:oak_log":2,"minecraft:red_carpet":1,"minecraft:dirt":2,"minecraft:dark_oak_fence":2,"minecraft:string":6,"minecraft:spruce_sapling":36,"minecraft:white_carpet":4,"minecraft:white_terracotta":1,"minecraft:oak_sign":6,"minecraft:chainmail_chestplate":1,"minecraft:oak_sapling":6,"minecraft:leather_leggings":1,"minecraft:arrow":6,"minecraft:wooden_pickaxe":1,"minecraft:black_wool":1,"minecraft:brick":4},"minecraft:used":{"minecraft:decorated_pot":2,"minecraft:iron_sword":109,"minecraft:iron_chestplate":1,"minecraft:torch":7,"minecraft:dirt":9,"minecraft:carrot":1,"minecraft:spruce_boat":3,"minecraft:lantern":1,"minecraft:iron_axe":92,"minecraft:iron_boots":1,"minecraft:sweet_berries":10,"minecraft:furnace":2,"minecraft:cooked_mutton":6,"minecraft:leather_leggings":1,"minecraft:stone_pickaxe":47,"minecraft:wooden_pickaxe":19,"naturalist:duck_egg":1,"minecraft:crafting_table":5,"minecraft:blast_furnace":1,"minecraft:white_bed":2,"minecraft:spruce_log":6,"minecraft:iron_pickaxe":51,"minecraft:stone_axe":147,"minecraft:cobblestone":26,"naturalist:cooked_duck":1,"minecraft:cooked_porkchop":2,"minecraft:pumpkin_pie":4},"minecraft:picked_up":{"minecraft:crafting_table":6,"minecraft:anvil":4,"minecraft:leather_leggings":1,"minecraft:wooden_pickaxe":1,"minecraft:brick":4,"minecraft:string":7,"minecraft:white_carpet":4,"minecraft:zombie_head":2,"minecraft:oak_sign":6,"minecraft:spruce_planks":5,"minecraft:beef":11,"minecraft:sugar_cane":4,"minecraft:coal_block":1,"minecraft:furnace":2,"minecraft:stick":40,"minecraft:raw_iron":26,"naturalist:duck":2,"minecraft:torch":20,"minecraft:porkchop":9,"minecraft:arrow":6,"minecraft:decorated_pot":2,"minecraft:hay_block":83,"minecraft:saddle":1,"minecraft:white_terracotta":1,"minecraft:mutton":6,"minecraft:white_wool":7,"minecraft:cobblestone":66,"minecraft:feather":4,"minecraft:leather":4,"minecraft:oak_log":38,"minecraft:lily_pad":1,"minecraft:dirt":22,"minecraft:lantern":2,"minecraft:red_carpet":1,"minecraft:wheat_seeds":1,"minecraft:stone_pickaxe":1,"minecraft:grindstone":1,"minecraft:iron_ingot":3,"minecraft:book":90,"minecraft:sweet_berries":16,"minecraft:red_wool":8,"minecraft:spruce_sapling":50,"minecraft:blast_furnace":2,"minecraft:white_bed":2,"minecraft:spruce_log":236,"naturalist:duck_egg":2,"minecraft:spider_eye":1,"minecraft:stone_axe":1,"minecraft:spruce_boat":3,"minecraft:diamond":2,"minecraft:spruce_sign":27,"minecraft:emerald":1,"minecraft:oak_sapling":6,"minecraft:coal":43,"minecraft:black_wool":1,"minecraft:dark_oak_fence":2}},"DataVersion":3465}