{"stats":{"minecraft:killed_by":{"minecraft:zombie":1},"minecraft:dropped":{"minecraft:wheat_seeds":1},"minecraft:custom":{"minecraft:jump":61,"minecraft:time_since_rest":2738,"minecraft:damage_dealt":118,"minecraft:damage_taken":430,"minecraft:crouch_one_cm":79,"minecraft:leave_game":4,"minecraft:play_time":3095,"minecraft:sprint_one_cm":10198,"minecraft:time_since_death":2534,"minecraft:walk_one_cm":9310,"minecraft:deaths":1,"minecraft:sneak_time":28,"minecraft:total_world_time":3095,"minecraft:fall_one_cm":1314,"minecraft:drop":1,"minecraft:fly_one_cm":11307},"minecraft:mined":{"minecraft:dirt":1},"minecraft:picked_up":{"minecraft:wheat_seeds":1}},"DataVersion":3465}