{"stats":{"minecraft:killed_by":{"minecraft:zombie":1},"minecraft:custom":{"minecraft:jump":49,"minecraft:time_since_rest":1554,"minecraft:crouch_one_cm":79,"minecraft:damage_dealt":118,"minecraft:sprint_one_cm":9025,"minecraft:deaths":1,"minecraft:leave_game":2,"minecraft:play_time":1911,"minecraft:damage_taken":325,"minecraft:time_since_death":1350,"minecraft:walk_one_cm":7348,"minecraft:sneak_time":28,"minecraft:total_world_time":1911,"minecraft:fall_one_cm":687,"minecraft:fly_one_cm":8516},"minecraft:mined":{"minecraft:dirt":1}},"DataVersion":3465}