{"stats":{"minecraft:picked_up":{"minecraft:wheat_seeds":1,"minecraft:cobblestone":11},"minecraft:killed_by":{"minecraft:zombie":1},"minecraft:dropped":{"minecraft:cobblestone":1,"minecraft:wheat_seeds":1},"minecraft:used":{"minecraft:stone_pickaxe":10},"minecraft:custom":{"minecraft:jump":89,"minecraft:time_since_rest":9548,"minecraft:damage_dealt":118,"minecraft:damage_taken":430,"minecraft:crouch_one_cm":362,"minecraft:leave_game":6,"minecraft:play_time":9905,"minecraft:sprint_one_cm":12549,"minecraft:time_since_death":9344,"minecraft:walk_one_cm":13958,"minecraft:deaths":1,"minecraft:sneak_time":146,"minecraft:total_world_time":9905,"minecraft:fall_one_cm":1941,"minecraft:drop":2,"minecraft:fly_one_cm":18088},"minecraft:mined":{"minecraft:stone":10,"minecraft:dirt":1}},"DataVersion":3465}