{"stats":{"minecraft:crafted":{"minecraft:oak_planks":20,"minecraft:cooked_chicken":1,"rogues:flint_dagger":1,"minecraft:furnace":1,"minecraft:iron_boots":1,"minecraft:iron_axe":1,"minecraft:stone_pickaxe":1,"minecraft:crafting_table":1,"minecraft:spruce_planks":16,"minecraft:wooden_pickaxe":1,"minecraft:baked_potato":3,"minecraft:air":0,"minecraft:iron_chestplate":1,"minecraft:stick":20,"minecraft:iron_ingot":20,"minecraft:iron_pickaxe":1,"minecraft:wooden_axe":1,"minecraft:torch":24},"minecraft:dropped":{"minecraft:candle":15,"minecraft:brown_mushroom":2,"minecraft:wheat_seeds":1,"minecraft:baked_potato":1,"minecraft:mossy_cobblestone":1,"minecraft:glass_bottle":1,"minecraft:decorated_pot":1,"minecraft:iron_helmet":1,"minecraft:spruce_stairs":1,"minecraft:leather_helmet":1,"minecraft:stick":1,"minecraft:wooden_axe":1,"paladins:priest_robe_legs":1,"minecraft:iron_leggings":1,"minecraft:string":1,"create:raw_zinc":5,"minecraft:spruce_sapling":1,"minecraft:bone":1,"minecraft:gravel":7,"minecraft:smooth_stone_slab":1,"minecraft:white_carpet":9,"minecraft:rotten_flesh":8,"minecraft:light_gray_carpet":3,"minecraft:spruce_trapdoor":1,"minecraft:iron_chestplate":4,"minecraft:bamboo":7,"minecraft:slime_ball":1,"minecraft:iron_bars":2,"minecraft:wooden_pickaxe":2,"minecraft:stone_pickaxe":1},"minecraft:killed_by":{"minecraft:creeper":1,"minecraft:skeleton":1},"minecraft:killed":{"minecraft:cave_spider":2,"naturalist:snail":1,"minecraft:skeleton":3,"minecraft:chicken":1,"minecraft:silverfish":6,"minecraft:zombie_villager":4,"minecraft:zombie":1},"minecraft:used":{"rogues:flint_dagger":4,"minecraft:decorated_pot":1,"minecraft:iron_chestplate":2,"minecraft:torch":19,"minecraft:dirt":1,"minecraft:carrot":10,"minecraft:wooden_axe":19,"minecraft:iron_axe":116,"minecraft:iron_helmet":1,"minecraft:iron_boots":2,"minecraft:stone_bricks":9,"minecraft:furnace":1,"minecraft:mossy_stone_bricks":7,"minecraft:stone_pickaxe":113,"minecraft:baked_potato":3,"minecraft:oak_planks":30,"minecraft:wooden_pickaxe":10,"minecraft:crafting_table":4,"minecraft:red_bed":1,"minecraft:spruce_log":1,"minecraft:redstone_torch":1,"minecraft:oak_log":1,"minecraft:bread":10,"minecraft:iron_pickaxe":187,"minecraft:cobblestone":32,"minecraft:potion":1,"minecraft:andesite":1,"minecraft:smooth_stone_slab":1,"minecraft:candle":1},"minecraft:mined":{"create:zinc_ore":5,"minecraft:mossy_cobblestone":2,"minecraft:candle":9,"minecraft:spruce_trapdoor":1,"minecraft:decorated_pot":1,"minecraft:spruce_leaves":2,"minecraft:spawner":1,"minecraft:furnace":1,"minecraft:iron_ore":25,"minecraft:andesite":1,"minecraft:bookshelf":39,"minecraft:vine":2,"minecraft:iron_bars":2,"minecraft:bamboo":1,"minecraft:stone":117,"minecraft:oak_slab":2,"minecraft:light_gray_carpet":3,"minecraft:brown_mushroom":7,"minecraft:red_bed":2,"minecraft:infested_stone_bricks":2,"minecraft:oak_fence":9,"minecraft:clay":5,"minecraft:crafting_table":5,"minecraft:torch":1,"minecraft:cobblestone":33,"minecraft:copper_ore":1,"minecraft:oak_planks":33,"minecraft:wall_torch":7,"minecraft:spruce_stairs":1,"minecraft:chain":3,"minecraft:dark_oak_slab":1,"minecraft:redstone_torch":1,"minecraft:white_carpet":9,"minecraft:spruce_log":19,"minecraft:grass":2,"minecraft:coal_ore":76,"minecraft:oak_log":6,"minecraft:gravel":8,"minecraft:dirt":1,"minecraft:infested_cracked_stone_bricks":2,"minecraft:cracked_stone_bricks":7,"minecraft:polished_andesite":4,"minecraft:stone_bricks":14,"minecraft:mossy_stone_bricks":8,"minecraft:fern":1},"minecraft:custom":{"minecraft:mob_kills":19,"minecraft:interact_with_crafting_table":12,"minecraft:open_barrel":9,"minecraft:leave_game":13,"minecraft:time_since_death":69477,"minecraft:climb_one_cm":3018,"minecraft:sprint_one_cm":157028,"minecraft:walk_one_cm":294820,"minecraft:drop":61,"minecraft:play_time":117925,"minecraft:deaths":2,"minecraft:sneak_time":9507,"minecraft:walk_under_water_one_cm":27785,"minecraft:boat_one_cm":287254,"minecraft:jump":1160,"minecraft:walk_on_water_one_cm":138198,"minecraft:total_world_time":117925,"minecraft:interact_with_furnace":11,"minecraft:sleep_in_bed":1,"minecraft:time_since_rest":31226,"minecraft:damage_taken":1689,"minecraft:damage_dealt":2614,"minecraft:player_kills":1,"minecraft:swim_one_cm":19575,"minecraft:fly_one_cm":127747,"minecraft:open_chest":27,"minecraft:crouch_one_cm":15489,"minecraft:fall_one_cm":19916},"minecraft:picked_up":{"minecraft:wooden_axe":1,"minecraft:crafting_table":5,"minecraft:iron_chestplate":5,"minecraft:chicken":1,"minecraft:clay_ball":16,"minecraft:brown_mushroom":2,"minecraft:wooden_pickaxe":2,"minecraft:potion":1,"minecraft:string":1,"minecraft:red_bed":2,"minecraft:iron_axe":1,"minecraft:smooth_stone_slab":2,"minecraft:iron_leggings":2,"minecraft:white_carpet":9,"dungeonnowloading:spawner_fragment":5,"minecraft:cracked_stone_bricks":7,"minecraft:candle":19,"minecraft:redstone_torch":1,"minecraft:iron_pickaxe":1,"minecraft:spruce_trapdoor":1,"minecraft:iron_boots":1,"minecraft:furnace":1,"minecraft:raw_iron":25,"minecraft:stick":1,"minecraft:oak_fence":2,"minecraft:torch":10,"minecraft:spruce_stairs":1,"minecraft:arrow":5,"minecraft:rotten_flesh":10,"minecraft:decorated_pot":2,"minecraft:iron_bars":2,"minecraft:cobblestone":142,"minecraft:feather":1,"paladins:priest_robe_legs":1,"minecraft:andesite":1,"minecraft:flint":1,"minecraft:oak_log":6,"create:raw_zinc":10,"minecraft:dirt":1,"minecraft:bone":1,"minecraft:stone_bricks":12,"minecraft:wheat_seeds":1,"minecraft:iron_ingot":2,"minecraft:stone_pickaxe":1,"minecraft:mossy_stone_bricks":8,"minecraft:bamboo":14,"minecraft:oak_planks":26,"minecraft:book":117,"minecraft:gravel":7,"minecraft:spruce_sapling":1,"minecraft:spruce_log":19,"minecraft:spider_eye":1,"minecraft:mossy_cobblestone":1,"minecraft:leather_helmet":1,"minecraft:polished_andesite":3,"minecraft:slime_ball":1,"minecraft:iron_helmet":3,"minecraft:baked_potato":1,"minecraft:light_gray_carpet":3,"minecraft:coal":121}},"DataVersion":3465}