{"stats":{"minecraft:custom":{"minecraft:mob_kills":45,"minecraft:interact_with_crafting_table":16,"minecraft:open_barrel":9,"minecraft:eat_cake_slice":2,"minecraft:leave_game":34,"minecraft:time_since_death":32548,"minecraft:climb_one_cm":11182,"minecraft:sprint_one_cm":283615,"minecraft:walk_one_cm":718112,"minecraft:drop":173,"minecraft:play_time":244491,"minecraft:deaths":3,"minecraft:sneak_time":15921,"minecraft:walk_under_water_one_cm":48681,"minecraft:boat_one_cm":571139,"minecraft:jump":2038,"minecraft:walk_on_water_one_cm":224956,"minecraft:total_world_time":244491,"minecraft:interact_with_furnace":11,"minecraft:sleep_in_bed":1,"minecraft:time_since_rest":34930,"minecraft:damage_taken":3304,"minecraft:damage_dealt":6366,"minecraft:player_kills":1,"minecraft:swim_one_cm":83600,"minecraft:fly_one_cm":214233,"minecraft:open_chest":50,"minecraft:crouch_one_cm":31206,"minecraft:fall_one_cm":30216},"minecraft:mined":{"create:zinc_ore":16,"minecraft:tuff":1,"minecraft:red_carpet":1,"minecraft:mossy_cobblestone":2,"minecraft:deepslate_diamond_ore":2,"minecraft:candle":9,"minecraft:spruce_trapdoor":1,"minecraft:glow_lichen":1,"minecraft:decorated_pot":1,"minecraft:spruce_leaves":6,"minecraft:moss_block":1,"minecraft:spawner":3,"minecraft:large_fern":2,"minecraft:furnace":1,"minecraft:iron_ore":58,"minecraft:andesite":5,"minecraft:moss_carpet":1,"minecraft:bookshelf":40,"minecraft:deepslate_iron_ore":3,"minecraft:vine":2,"minecraft:iron_bars":2,"minecraft:bamboo":1,"minecraft:stone":191,"minecraft:oak_slab":2,"minecraft:light_gray_carpet":3,"minecraft:brown_mushroom":7,"minecraft:red_bed":2,"minecraft:infested_stone_bricks":4,"minecraft:oak_fence":12,"minecraft:clay":5,"minecraft:crafting_table":6,"minecraft:torch":3,"minecraft:copper_ore":1,"minecraft:tall_grass":6,"minecraft:cobblestone":34,"minecraft:deepslate_gold_ore":2,"minecraft:oak_planks":35,"minecraft:wall_torch":16,"minecraft:spruce_stairs":1,"minecraft:chain":3,"minecraft:dark_oak_slab":1,"minecraft:birch_log":6,"minecraft:redstone_torch":1,"minecraft:white_carpet":9,"minecraft:spruce_log":47,"minecraft:yellow_bed":1,"minecraft:grass":15,"minecraft:oak_log":8,"minecraft:coal_ore":87,"minecraft:gravel":10,"minecraft:dirt":1,"minecraft:infested_cracked_stone_bricks":6,"minecraft:cracked_stone_bricks":8,"minecraft:polished_andesite":9,"minecraft:stone_bricks":37,"minecraft:mossy_stone_bricks":13,"minecraft:deepslate":66,"minecraft:fern":1},"minecraft:killed_by":{"minecraft:creeper":1,"minecraft:skeleton":1,"minecraft:zombie":1},"minecraft:killed":{"minecraft:cave_spider":9,"minecraft:spider":1,"minecraft:endermite":3,"naturalist:snail":1,"minecraft:skeleton":4,"minecraft:chicken":1,"minecraft:silverfish":10,"minecraft:zombie_villager":7,"naturalist:lizard_tail":1,"minecraft:sheep":4,"minecraft:zombie":1,"minecraft:stray":1,"naturalist:lizard":1},"minecraft:crafted":{"minecraft:oak_planks":20,"minecraft:cooked_chicken":1,"rogues:flint_dagger":1,"minecraft:furnace":1,"minecraft:iron_boots":1,"minecraft:iron_axe":2,"minecraft:stone_pickaxe":1,"minecraft:chest":2,"dungeonnowloading:spawner_frame":3,"minecraft:crafting_table":4,"minecraft:spruce_planks":20,"minecraft:wooden_pickaxe":1,"minecraft:baked_potato":3,"minecraft:birch_planks":24,"minecraft:air":0,"minecraft:iron_chestplate":1,"minecraft:stick":20,"minecraft:iron_pickaxe":2,"minecraft:iron_ingot":20,"minecraft:wooden_axe":1,"minecraft:white_bed":1,"minecraft:torch":24},"minecraft:dropped":{"minecraft:enchanted_book":22,"minecraft:bread":1,"minecraft:candle":15,"minecraft:brown_mushroom":2,"minecraft:wheat_seeds":2,"minecraft:baked_potato":1,"minecraft:glow_ink_sac":2,"minecraft:mossy_cobblestone":1,"minecraft:glass_bottle":1,"minecraft:decorated_pot":1,"minecraft:cobblestone":33,"minecraft:oak_fence":1,"minecraft:iron_helmet":1,"minecraft:book":481,"minecraft:leather":1,"minecraft:spruce_stairs":1,"minecraft:leather_helmet":1,"minecraft:stick":1,"minecraft:polished_andesite":3,"minecraft:wooden_axe":1,"minecraft:cooked_salmon":1,"paladins:priest_robe_legs":1,"minecraft:iron_leggings":1,"minecraft:writable_book":10,"minecraft:iron_axe":5,"minecraft:string":4,"create:raw_zinc":5,"minecraft:spruce_sapling":17,"minecraft:bone":1,"minecraft:gravel":7,"minecraft:moss_carpet":1,"minecraft:smooth_stone_slab":1,"minecraft:white_carpet":9,"minecraft:rotten_flesh":10,"minecraft:light_gray_carpet":3,"minecraft:name_tag":2,"minecraft:filled_map":1,"minecraft:gunpowder":4,"minecraft:spruce_trapdoor":1,"minecraft:iron_chestplate":4,"minecraft:andesite":1,"minecraft:mossy_stone_bricks":5,"minecraft:spider_eye":2,"minecraft:stone_bricks":18,"minecraft:bamboo":7,"minecraft:slime_ball":1,"minecraft:iron_bars":2,"minecraft:arrow":2,"minecraft:stone_pickaxe":1,"minecraft:wooden_pickaxe":2,"minecraft:egg":1},"minecraft:used":{"minecraft:writable_book":2,"rogues:flint_dagger":4,"minecraft:decorated_pot":1,"minecraft:chest":2,"minecraft:cooked_salmon":2,"minecraft:iron_chestplate":2,"minecraft:torch":37,"minecraft:dirt":1,"minecraft:carrot":10,"minecraft:tuff":1,"minecraft:wooden_axe":19,"minecraft:iron_axe":213,"minecraft:iron_helmet":1,"minecraft:iron_boots":2,"minecraft:stone_bricks":9,"minecraft:red_carpet":1,"minecraft:sweet_berries":8,"minecraft:furnace":1,"minecraft:cobbled_deepslate":9,"minecraft:mossy_stone_bricks":7,"minecraft:birch_planks":4,"minecraft:stone_pickaxe":113,"minecraft:baked_potato":3,"minecraft:oak_planks":35,"minecraft:wooden_pickaxe":10,"minecraft:crafting_table":7,"minecraft:red_bed":1,"minecraft:white_bed":1,"minecraft:spruce_log":2,"minecraft:redstone_torch":1,"minecraft:oak_log":1,"minecraft:apple":11,"minecraft:bread":26,"minecraft:iron_pickaxe":441,"minecraft:enchanted_book":11,"minecraft:cobblestone":32,"minecraft:potion":1,"minecraft:andesite":2,"minecraft:smooth_stone_slab":1,"minecraft:yellow_bed":1,"minecraft:candle":1},"minecraft:picked_up":{"minecraft:wooden_axe":1,"minecraft:iron_chestplate":6,"minecraft:crafting_table":6,"minecraft:chicken":1,"minecraft:clay_ball":29,"minecraft:brown_mushroom":2,"minecraft:wooden_pickaxe":2,"minecraft:potion":1,"minecraft:enchanted_book":23,"minecraft:string":6,"minecraft:red_bed":2,"minecraft:moss_carpet":1,"minecraft:iron_axe":6,"minecraft:cooked_salmon":1,"minecraft:smooth_stone_slab":2,"minecraft:iron_leggings":3,"minecraft:white_carpet":9,"dungeonnowloading:spawner_fragment":18,"minecraft:cracked_stone_bricks":7,"minecraft:candle":19,"minecraft:cobbled_deepslate":73,"minecraft:redstone_torch":1,"minecraft:iron_pickaxe":1,"minecraft:furnace":1,"minecraft:spruce_trapdoor":1,"minecraft:iron_boots":2,"minecraft:egg":1,"minecraft:stick":13,"minecraft:raw_iron":60,"minecraft:oak_fence":4,"minecraft:torch":24,"minecraft:spruce_stairs":1,"minecraft:arrow":8,"minecraft:rotten_flesh":12,"minecraft:decorated_pot":2,"minecraft:mutton":6,"minecraft:iron_bars":2,"minecraft:white_wool":3,"minecraft:cobblestone":212,"minecraft:birch_log":6,"minecraft:feather":1,"paladins:priest_robe_legs":1,"minecraft:glow_ink_sac":2,"minecraft:andesite":3,"minecraft:leather":1,"minecraft:potato":17,"minecraft:filled_map":1,"minecraft:birch_planks":20,"minecraft:flint":2,"minecraft:tuff":1,"minecraft:oak_log":8,"create:raw_zinc":21,"minecraft:yellow_bed":1,"minecraft:gunpowder":6,"minecraft:dirt":1,"minecraft:name_tag":1,"minecraft:red_carpet":1,"minecraft:bone":7,"minecraft:apple":29,"minecraft:stone_bricks":30,"minecraft:wheat_seeds":2,"minecraft:raw_gold":2,"minecraft:iron_ingot":10,"minecraft:stone_pickaxe":1,"minecraft:mossy_stone_bricks":13,"minecraft:bamboo":14,"minecraft:oak_planks":37,"minecraft:book":441,"dungeonnowloading:spawner_frame":3,"minecraft:sweet_berries":8,"minecraft:gravel":7,"minecraft:amethyst_shard":11,"minecraft:spruce_sapling":17,"minecraft:spruce_log":47,"minecraft:spider_eye":3,"minecraft:mossy_cobblestone":1,"minecraft:leather_helmet":1,"minecraft:polished_andesite":6,"minecraft:diamond":2,"minecraft:slime_ball":1,"minecraft:writable_book":4,"minecraft:iron_helmet":4,"minecraft:emerald":1,"minecraft:baked_potato":1,"minecraft:light_gray_carpet":3,"minecraft:coal":137,"minecraft:ender_pearl":3}},"DataVersion":3465}