{"stats":{"minecraft:crafted":{"minecraft:oak_planks":20,"minecraft:cooked_chicken":1,"rogues:flint_dagger":1,"minecraft:furnace":1,"minecraft:iron_boots":1,"minecraft:iron_axe":1,"minecraft:stone_pickaxe":1,"dungeonnowloading:spawner_frame":3,"minecraft:crafting_table":1,"minecraft:spruce_planks":16,"minecraft:wooden_pickaxe":1,"minecraft:baked_potato":3,"minecraft:air":0,"minecraft:iron_chestplate":1,"minecraft:stick":20,"minecraft:iron_ingot":20,"minecraft:iron_pickaxe":1,"minecraft:wooden_axe":1,"minecraft:torch":24},"minecraft:dropped":{"minecraft:candle":15,"minecraft:brown_mushroom":2,"minecraft:wheat_seeds":1,"minecraft:baked_potato":1,"minecraft:mossy_cobblestone":1,"minecraft:glass_bottle":1,"minecraft:decorated_pot":1,"minecraft:oak_fence":1,"minecraft:iron_helmet":1,"minecraft:spruce_stairs":1,"minecraft:leather_helmet":1,"minecraft:stick":1,"minecraft:wooden_axe":1,"paladins:priest_robe_legs":1,"minecraft:iron_leggings":1,"minecraft:writable_book":3,"minecraft:string":2,"create:raw_zinc":5,"minecraft:spruce_sapling":1,"minecraft:bone":1,"minecraft:gravel":7,"minecraft:smooth_stone_slab":1,"minecraft:white_carpet":9,"minecraft:rotten_flesh":10,"minecraft:light_gray_carpet":3,"minecraft:spruce_trapdoor":1,"minecraft:iron_chestplate":4,"minecraft:mossy_stone_bricks":2,"minecraft:bamboo":7,"minecraft:slime_ball":1,"minecraft:iron_bars":2,"minecraft:wooden_pickaxe":2,"minecraft:stone_pickaxe":1},"minecraft:killed_by":{"minecraft:creeper":1,"minecraft:skeleton":1},"minecraft:killed":{"minecraft:cave_spider":7,"naturalist:snail":1,"minecraft:skeleton":3,"minecraft:chicken":1,"minecraft:silverfish":8,"minecraft:zombie_villager":7,"minecraft:zombie":1},"minecraft:used":{"rogues:flint_dagger":4,"minecraft:decorated_pot":1,"minecraft:iron_chestplate":2,"minecraft:torch":25,"minecraft:dirt":1,"minecraft:carrot":10,"minecraft:wooden_axe":19,"minecraft:iron_axe":138,"minecraft:iron_helmet":1,"minecraft:iron_boots":2,"minecraft:stone_bricks":9,"minecraft:red_carpet":1,"minecraft:furnace":1,"minecraft:mossy_stone_bricks":7,"minecraft:stone_pickaxe":113,"minecraft:baked_potato":3,"minecraft:oak_planks":31,"minecraft:wooden_pickaxe":10,"minecraft:crafting_table":4,"minecraft:red_bed":1,"minecraft:spruce_log":1,"minecraft:redstone_torch":1,"minecraft:oak_log":1,"minecraft:bread":20,"minecraft:iron_pickaxe":201,"minecraft:cobblestone":32,"minecraft:potion":1,"minecraft:andesite":1,"minecraft:smooth_stone_slab":1,"minecraft:candle":1},"minecraft:mined":{"create:zinc_ore":5,"minecraft:red_carpet":1,"minecraft:mossy_cobblestone":2,"minecraft:candle":9,"minecraft:spruce_trapdoor":1,"minecraft:decorated_pot":1,"minecraft:spruce_leaves":2,"minecraft:spawner":3,"minecraft:furnace":1,"minecraft:iron_ore":25,"minecraft:andesite":2,"minecraft:bookshelf":40,"minecraft:vine":2,"minecraft:iron_bars":2,"minecraft:bamboo":1,"minecraft:stone":117,"minecraft:oak_slab":2,"minecraft:light_gray_carpet":3,"minecraft:brown_mushroom":7,"minecraft:red_bed":2,"minecraft:infested_stone_bricks":2,"minecraft:oak_fence":10,"minecraft:clay":5,"minecraft:crafting_table":5,"minecraft:torch":1,"minecraft:cobblestone":34,"minecraft:copper_ore":1,"minecraft:oak_planks":33,"minecraft:wall_torch":10,"minecraft:spruce_stairs":1,"minecraft:chain":3,"minecraft:dark_oak_slab":1,"minecraft:redstone_torch":1,"minecraft:white_carpet":9,"minecraft:spruce_log":19,"minecraft:grass":2,"minecraft:coal_ore":76,"minecraft:oak_log":6,"minecraft:gravel":8,"minecraft:dirt":1,"minecraft:infested_cracked_stone_bricks":2,"minecraft:cracked_stone_bricks":8,"minecraft:polished_andesite":7,"minecraft:stone_bricks":19,"minecraft:mossy_stone_bricks":9,"minecraft:fern":1},"minecraft:custom":{"minecraft:mob_kills":29,"minecraft:interact_with_crafting_table":12,"minecraft:open_barrel":9,"minecraft:leave_game":13,"minecraft:time_since_death":93477,"minecraft:climb_one_cm":9255,"minecraft:sprint_one_cm":164439,"minecraft:walk_one_cm":431272,"minecraft:drop":70,"minecraft:play_time":141925,"minecraft:deaths":2,"minecraft:sneak_time":9835,"minecraft:walk_under_water_one_cm":29273,"minecraft:boat_one_cm":287254,"minecraft:jump":1280,"minecraft:walk_on_water_one_cm":171492,"minecraft:total_world_time":141925,"minecraft:interact_with_furnace":11,"minecraft:sleep_in_bed":1,"minecraft:time_since_rest":55226,"minecraft:damage_taken":2172,"minecraft:damage_dealt":4086,"minecraft:player_kills":1,"minecraft:swim_one_cm":19575,"minecraft:fly_one_cm":128858,"minecraft:open_chest":37,"minecraft:crouch_one_cm":16209,"minecraft:fall_one_cm":21285},"minecraft:picked_up":{"minecraft:wooden_axe":1,"minecraft:crafting_table":5,"minecraft:iron_chestplate":5,"minecraft:chicken":1,"minecraft:clay_ball":16,"minecraft:brown_mushroom":2,"minecraft:wooden_pickaxe":2,"minecraft:potion":1,"minecraft:string":2,"minecraft:red_bed":2,"minecraft:iron_axe":1,"minecraft:smooth_stone_slab":2,"minecraft:iron_leggings":2,"minecraft:white_carpet":9,"dungeonnowloading:spawner_fragment":15,"minecraft:cracked_stone_bricks":7,"minecraft:candle":19,"minecraft:redstone_torch":1,"minecraft:iron_pickaxe":1,"minecraft:spruce_trapdoor":1,"minecraft:iron_boots":1,"minecraft:furnace":1,"minecraft:raw_iron":25,"minecraft:stick":1,"minecraft:oak_fence":3,"minecraft:torch":12,"minecraft:spruce_stairs":1,"minecraft:arrow":5,"minecraft:rotten_flesh":12,"minecraft:decorated_pot":2,"minecraft:iron_bars":2,"minecraft:cobblestone":142,"minecraft:feather":1,"paladins:priest_robe_legs":1,"minecraft:andesite":1,"minecraft:flint":1,"minecraft:oak_log":6,"create:raw_zinc":10,"minecraft:dirt":1,"minecraft:red_carpet":1,"minecraft:bone":1,"minecraft:stone_bricks":15,"minecraft:wheat_seeds":1,"minecraft:iron_ingot":2,"minecraft:stone_pickaxe":1,"minecraft:mossy_stone_bricks":10,"minecraft:bamboo":14,"minecraft:oak_planks":26,"minecraft:book":121,"minecraft:gravel":7,"minecraft:spruce_sapling":1,"minecraft:spruce_log":19,"minecraft:spider_eye":1,"minecraft:mossy_cobblestone":1,"minecraft:leather_helmet":1,"minecraft:polished_andesite":6,"minecraft:slime_ball":1,"minecraft:writable_book":1,"minecraft:iron_helmet":3,"minecraft:baked_potato":1,"minecraft:light_gray_carpet":3,"minecraft:coal":121}},"DataVersion":3465}