{"stats":{"minecraft:crafted":{"minecraft:oak_planks":20,"minecraft:crafting_table":1,"minecraft:spruce_planks":16,"minecraft:baked_potato":3,"minecraft:wooden_pickaxe":1,"minecraft:cooked_chicken":1,"minecraft:furnace":1,"rogues:flint_dagger":1,"minecraft:air":0,"minecraft:iron_boots":1,"minecraft:iron_chestplate":1,"minecraft:iron_axe":1,"minecraft:stick":20,"minecraft:iron_ingot":20,"minecraft:iron_pickaxe":1,"minecraft:stone_pickaxe":1,"minecraft:wooden_axe":1,"minecraft:torch":24},"minecraft:dropped":{"minecraft:gravel":7,"minecraft:candle":3,"minecraft:brown_mushroom":2,"minecraft:wheat_seeds":1,"minecraft:baked_potato":1,"minecraft:mossy_cobblestone":1,"minecraft:decorated_pot":1,"minecraft:white_carpet":9,"minecraft:light_gray_carpet":3,"minecraft:spruce_stairs":1,"minecraft:leather_helmet":1,"minecraft:stick":1,"minecraft:spruce_trapdoor":1,"minecraft:wooden_axe":1,"paladins:priest_robe_legs":1,"minecraft:iron_leggings":1,"minecraft:bamboo":7,"minecraft:slime_ball":1,"minecraft:stone_pickaxe":1,"minecraft:wooden_pickaxe":2,"create:raw_zinc":5,"minecraft:spruce_sapling":1},"minecraft:killed":{"naturalist:snail":1,"minecraft:chicken":1},"minecraft:killed_by":{"minecraft:skeleton":1,"minecraft:creeper":1},"minecraft:used":{"rogues:flint_dagger":4,"minecraft:stone_pickaxe":113,"minecraft:baked_potato":3,"minecraft:decorated_pot":1,"minecraft:wooden_pickaxe":10,"minecraft:iron_chestplate":2,"minecraft:torch":9,"minecraft:dirt":1,"minecraft:crafting_table":4,"minecraft:carrot":1,"minecraft:spruce_log":1,"minecraft:redstone_torch":1,"minecraft:oak_log":1,"minecraft:wooden_axe":19,"minecraft:iron_axe":2,"minecraft:bread":4,"minecraft:iron_pickaxe":78,"minecraft:iron_helmet":1,"minecraft:iron_boots":2,"minecraft:cobblestone":1,"minecraft:furnace":1,"minecraft:candle":1},"minecraft:mined":{"create:zinc_ore":5,"minecraft:oak_slab":2,"minecraft:light_gray_carpet":3,"minecraft:brown_mushroom":7,"minecraft:red_bed":1,"minecraft:mossy_cobblestone":2,"minecraft:candle":1,"minecraft:spruce_trapdoor":1,"minecraft:clay":5,"minecraft:crafting_table":5,"minecraft:torch":1,"minecraft:decorated_pot":1,"minecraft:copper_ore":1,"minecraft:cobblestone":3,"minecraft:spruce_leaves":2,"minecraft:oak_planks":4,"minecraft:wall_torch":5,"minecraft:spruce_stairs":1,"minecraft:dark_oak_slab":1,"minecraft:furnace":1,"minecraft:redstone_torch":1,"minecraft:iron_ore":22,"minecraft:white_carpet":9,"minecraft:spruce_log":19,"minecraft:grass":2,"minecraft:oak_log":6,"minecraft:coal_ore":76,"minecraft:vine":2,"minecraft:dirt":1,"minecraft:gravel":8,"minecraft:bamboo":1,"minecraft:stone":88,"minecraft:fern":1},"minecraft:custom":{"minecraft:interact_with_furnace":11,"minecraft:mob_kills":2,"minecraft:interact_with_crafting_table":12,"minecraft:open_barrel":9,"minecraft:leave_game":13,"minecraft:time_since_death":33477,"minecraft:time_since_rest":33628,"minecraft:sprint_one_cm":145169,"minecraft:damage_taken":945,"minecraft:walk_one_cm":187171,"minecraft:drop":30,"minecraft:damage_dealt":106,"minecraft:swim_one_cm":17249,"minecraft:fly_one_cm":126100,"minecraft:player_kills":1,"minecraft:open_chest":13,"minecraft:crouch_one_cm":11791,"minecraft:play_time":81925,"minecraft:deaths":2,"minecraft:sneak_time":7445,"minecraft:walk_under_water_one_cm":14361,"minecraft:boat_one_cm":287254,"minecraft:jump":962,"minecraft:walk_on_water_one_cm":32747,"minecraft:total_world_time":81925,"minecraft:fall_one_cm":18428},"minecraft:picked_up":{"minecraft:wooden_axe":1,"minecraft:iron_chestplate":1,"minecraft:crafting_table":5,"minecraft:feather":1,"paladins:priest_robe_legs":1,"minecraft:chicken":1,"minecraft:clay_ball":16,"minecraft:brown_mushroom":2,"minecraft:wooden_pickaxe":2,"minecraft:potion":1,"minecraft:flint":1,"create:raw_zinc":10,"minecraft:oak_log":6,"minecraft:dirt":1,"minecraft:red_bed":1,"minecraft:iron_axe":1,"minecraft:iron_leggings":2,"minecraft:white_carpet":9,"minecraft:stone_bricks":1,"minecraft:wheat_seeds":1,"minecraft:candle":7,"minecraft:stone_pickaxe":1,"minecraft:iron_ingot":2,"minecraft:redstone_torch":1,"minecraft:iron_pickaxe":1,"minecraft:bamboo":14,"minecraft:spruce_trapdoor":1,"minecraft:oak_planks":2,"minecraft:iron_boots":1,"minecraft:furnace":1,"minecraft:stick":1,"minecraft:raw_iron":22,"minecraft:torch":6,"minecraft:spruce_stairs":1,"minecraft:gravel":7,"minecraft:spruce_sapling":1,"minecraft:spruce_log":19,"minecraft:leather_helmet":1,"minecraft:mossy_cobblestone":1,"minecraft:slime_ball":1,"minecraft:decorated_pot":2,"minecraft:iron_helmet":1,"minecraft:baked_potato":1,"minecraft:light_gray_carpet":3,"minecraft:coal":121,"minecraft:cobblestone":90}},"DataVersion":3465}