{"stats":{"minecraft:crafted":{"minecraft:oak_planks":20,"minecraft:cooked_chicken":1,"rogues:flint_dagger":1,"minecraft:furnace":1,"minecraft:iron_boots":1,"minecraft:iron_axe":1,"minecraft:stone_pickaxe":1,"dungeonnowloading:spawner_frame":3,"minecraft:crafting_table":1,"minecraft:spruce_planks":16,"minecraft:wooden_pickaxe":1,"minecraft:baked_potato":3,"minecraft:birch_planks":24,"minecraft:air":0,"minecraft:iron_chestplate":1,"minecraft:stick":20,"minecraft:iron_ingot":20,"minecraft:iron_pickaxe":1,"minecraft:wooden_axe":1,"minecraft:torch":24},"minecraft:dropped":{"minecraft:enchanted_book":22,"minecraft:bread":1,"minecraft:candle":15,"minecraft:brown_mushroom":2,"minecraft:wheat_seeds":1,"minecraft:glow_ink_sac":2,"minecraft:baked_potato":1,"minecraft:mossy_cobblestone":1,"minecraft:glass_bottle":1,"minecraft:decorated_pot":1,"minecraft:oak_fence":1,"minecraft:iron_helmet":1,"minecraft:cobblestone":33,"minecraft:book":481,"minecraft:spruce_stairs":1,"minecraft:leather_helmet":1,"minecraft:polished_andesite":3,"minecraft:stick":1,"minecraft:wooden_axe":1,"paladins:priest_robe_legs":1,"minecraft:iron_leggings":1,"minecraft:writable_book":10,"minecraft:iron_axe":1,"minecraft:string":4,"create:raw_zinc":5,"minecraft:spruce_sapling":1,"minecraft:bone":1,"minecraft:gravel":7,"minecraft:smooth_stone_slab":1,"minecraft:white_carpet":9,"minecraft:rotten_flesh":10,"minecraft:light_gray_carpet":3,"minecraft:name_tag":2,"minecraft:filled_map":1,"minecraft:gunpowder":2,"minecraft:spruce_trapdoor":1,"minecraft:iron_chestplate":4,"minecraft:andesite":1,"minecraft:mossy_stone_bricks":5,"minecraft:spider_eye":2,"minecraft:stone_bricks":18,"minecraft:bamboo":7,"minecraft:slime_ball":1,"minecraft:iron_bars":2,"minecraft:arrow":1,"minecraft:wooden_pickaxe":2,"minecraft:stone_pickaxe":1,"minecraft:egg":1},"minecraft:killed_by":{"minecraft:creeper":1,"minecraft:skeleton":1},"minecraft:killed":{"minecraft:cave_spider":9,"minecraft:endermite":3,"naturalist:snail":1,"minecraft:skeleton":3,"minecraft:chicken":1,"minecraft:silverfish":10,"minecraft:zombie_villager":7,"naturalist:lizard_tail":1,"minecraft:zombie":1,"minecraft:stray":1,"naturalist:lizard":1},"minecraft:used":{"minecraft:writable_book":2,"rogues:flint_dagger":4,"minecraft:decorated_pot":1,"minecraft:iron_chestplate":2,"minecraft:torch":37,"minecraft:dirt":1,"minecraft:carrot":10,"minecraft:wooden_axe":19,"minecraft:iron_axe":168,"minecraft:iron_helmet":1,"minecraft:iron_boots":2,"minecraft:stone_bricks":9,"minecraft:red_carpet":1,"minecraft:furnace":1,"minecraft:mossy_stone_bricks":7,"minecraft:birch_planks":4,"minecraft:stone_pickaxe":113,"minecraft:baked_potato":3,"minecraft:oak_planks":35,"minecraft:wooden_pickaxe":10,"minecraft:crafting_table":4,"minecraft:red_bed":1,"minecraft:spruce_log":1,"minecraft:redstone_torch":1,"minecraft:oak_log":1,"minecraft:apple":7,"minecraft:bread":26,"minecraft:iron_pickaxe":271,"minecraft:enchanted_book":11,"minecraft:cobblestone":32,"minecraft:potion":1,"minecraft:andesite":1,"minecraft:yellow_bed":1,"minecraft:smooth_stone_slab":1,"minecraft:candle":1},"minecraft:mined":{"create:zinc_ore":5,"minecraft:red_carpet":1,"minecraft:mossy_cobblestone":2,"minecraft:candle":9,"minecraft:spruce_trapdoor":1,"minecraft:decorated_pot":1,"minecraft:spruce_leaves":2,"minecraft:spawner":3,"minecraft:furnace":1,"minecraft:iron_ore":25,"minecraft:andesite":4,"minecraft:bookshelf":40,"minecraft:vine":2,"minecraft:iron_bars":2,"minecraft:bamboo":1,"minecraft:stone":151,"minecraft:oak_slab":2,"minecraft:light_gray_carpet":3,"minecraft:brown_mushroom":7,"minecraft:red_bed":2,"minecraft:infested_stone_bricks":4,"minecraft:oak_fence":10,"minecraft:clay":5,"minecraft:crafting_table":5,"minecraft:torch":3,"minecraft:cobblestone":34,"minecraft:copper_ore":1,"minecraft:oak_planks":35,"minecraft:wall_torch":16,"minecraft:spruce_stairs":1,"minecraft:chain":3,"minecraft:dark_oak_slab":1,"minecraft:birch_log":6,"minecraft:redstone_torch":1,"minecraft:white_carpet":9,"minecraft:spruce_log":19,"minecraft:yellow_bed":1,"minecraft:grass":3,"minecraft:coal_ore":76,"minecraft:oak_log":8,"minecraft:gravel":9,"minecraft:dirt":1,"minecraft:infested_cracked_stone_bricks":6,"minecraft:cracked_stone_bricks":8,"minecraft:polished_andesite":9,"minecraft:stone_bricks":37,"minecraft:mossy_stone_bricks":13,"minecraft:deepslate":2,"minecraft:fern":1},"minecraft:custom":{"minecraft:mob_kills":39,"minecraft:interact_with_crafting_table":12,"minecraft:open_barrel":9,"minecraft:leave_game":14,"minecraft:time_since_death":139526,"minecraft:climb_one_cm":11109,"minecraft:sprint_one_cm":215622,"minecraft:walk_one_cm":534546,"minecraft:drop":152,"minecraft:play_time":187974,"minecraft:deaths":2,"minecraft:sneak_time":11875,"minecraft:walk_under_water_one_cm":46457,"minecraft:boat_one_cm":571139,"minecraft:jump":1585,"minecraft:walk_on_water_one_cm":208537,"minecraft:total_world_time":187974,"minecraft:interact_with_furnace":11,"minecraft:sleep_in_bed":1,"minecraft:time_since_rest":101275,"minecraft:damage_taken":2923,"minecraft:damage_dealt":5318,"minecraft:player_kills":1,"minecraft:swim_one_cm":74179,"minecraft:fly_one_cm":166168,"minecraft:open_chest":48,"minecraft:crouch_one_cm":20685,"minecraft:fall_one_cm":24921},"minecraft:picked_up":{"minecraft:wooden_axe":1,"minecraft:crafting_table":5,"minecraft:iron_chestplate":5,"minecraft:chicken":1,"minecraft:clay_ball":16,"minecraft:brown_mushroom":2,"minecraft:wooden_pickaxe":2,"minecraft:enchanted_book":8,"minecraft:potion":1,"minecraft:string":4,"minecraft:red_bed":2,"minecraft:iron_axe":2,"minecraft:smooth_stone_slab":2,"minecraft:iron_leggings":2,"minecraft:white_carpet":9,"dungeonnowloading:spawner_fragment":15,"minecraft:cracked_stone_bricks":7,"minecraft:candle":19,"minecraft:cobbled_deepslate":1,"minecraft:redstone_torch":1,"minecraft:iron_pickaxe":1,"minecraft:egg":1,"minecraft:spruce_trapdoor":1,"minecraft:iron_boots":1,"minecraft:furnace":1,"minecraft:raw_iron":25,"minecraft:stick":3,"minecraft:oak_fence":3,"minecraft:torch":22,"minecraft:spruce_stairs":1,"minecraft:arrow":7,"minecraft:rotten_flesh":12,"minecraft:decorated_pot":2,"minecraft:iron_bars":2,"minecraft:cobblestone":176,"minecraft:birch_log":6,"minecraft:feather":1,"paladins:priest_robe_legs":1,"minecraft:glow_ink_sac":2,"minecraft:andesite":2,"minecraft:filled_map":1,"minecraft:flint":1,"minecraft:oak_log":8,"create:raw_zinc":10,"minecraft:yellow_bed":1,"minecraft:gunpowder":4,"minecraft:dirt":1,"minecraft:name_tag":1,"minecraft:red_carpet":1,"minecraft:bone":3,"minecraft:stone_bricks":30,"minecraft:wheat_seeds":1,"minecraft:iron_ingot":2,"minecraft:stone_pickaxe":1,"minecraft:mossy_stone_bricks":13,"minecraft:bamboo":14,"minecraft:oak_planks":27,"minecraft:book":400,"minecraft:gravel":7,"minecraft:spruce_sapling":1,"minecraft:spruce_log":19,"minecraft:spider_eye":3,"minecraft:mossy_cobblestone":1,"minecraft:leather_helmet":1,"minecraft:polished_andesite":6,"minecraft:slime_ball":1,"minecraft:writable_book":4,"minecraft:iron_helmet":3,"minecraft:baked_potato":1,"minecraft:light_gray_carpet":3,"minecraft:coal":121}},"DataVersion":3465}