{"stats":{"minecraft:crafted":{"minecraft:crafting_table":1,"minecraft:spruce_planks":16,"minecraft:baked_potato":3,"minecraft:wooden_pickaxe":1,"minecraft:cooked_chicken":1,"minecraft:furnace":1,"rogues:flint_dagger":1,"minecraft:air":0,"minecraft:iron_boots":1,"minecraft:iron_chestplate":1,"minecraft:iron_axe":1,"minecraft:stick":16,"minecraft:iron_ingot":20,"minecraft:iron_pickaxe":1,"minecraft:stone_pickaxe":1,"minecraft:wooden_axe":1,"minecraft:torch":8},"minecraft:dropped":{"minecraft:gravel":7,"minecraft:candle":3,"minecraft:brown_mushroom":2,"minecraft:wheat_seeds":1,"minecraft:baked_potato":1,"minecraft:mossy_cobblestone":1,"minecraft:wooden_axe":1,"minecraft:stone_pickaxe":1,"minecraft:wooden_pickaxe":2,"create:raw_zinc":5,"minecraft:spruce_sapling":1},"minecraft:killed":{"minecraft:chicken":1},"minecraft:killed_by":{"minecraft:skeleton":1,"minecraft:creeper":1},"minecraft:used":{"rogues:flint_dagger":4,"minecraft:stone_pickaxe":113,"minecraft:baked_potato":3,"minecraft:wooden_pickaxe":10,"minecraft:iron_chestplate":1,"minecraft:torch":5,"minecraft:crafting_table":4,"minecraft:wooden_axe":19,"minecraft:iron_axe":2,"minecraft:iron_pickaxe":77,"minecraft:iron_boots":1,"minecraft:cobblestone":1,"minecraft:furnace":1,"minecraft:candle":1},"minecraft:mined":{"create:zinc_ore":5,"minecraft:brown_mushroom":7,"minecraft:red_bed":1,"minecraft:mossy_cobblestone":2,"minecraft:candle":1,"minecraft:clay":5,"minecraft:crafting_table":4,"minecraft:torch":1,"minecraft:copper_ore":1,"minecraft:cobblestone":3,"minecraft:spruce_leaves":2,"minecraft:wall_torch":3,"minecraft:furnace":1,"minecraft:iron_ore":22,"minecraft:spruce_log":18,"minecraft:coal_ore":76,"minecraft:vine":1,"minecraft:gravel":8,"minecraft:stone":88,"minecraft:fern":1},"minecraft:custom":{"minecraft:interact_with_furnace":11,"minecraft:mob_kills":1,"minecraft:interact_with_crafting_table":12,"minecraft:open_barrel":3,"minecraft:leave_game":13,"minecraft:time_since_death":3477,"minecraft:time_since_rest":3628,"minecraft:sprint_one_cm":82664,"minecraft:damage_taken":855,"minecraft:walk_one_cm":108034,"minecraft:drop":19,"minecraft:damage_dealt":86,"minecraft:swim_one_cm":2422,"minecraft:fly_one_cm":52611,"minecraft:player_kills":1,"minecraft:open_chest":3,"minecraft:crouch_one_cm":10990,"minecraft:play_time":51925,"minecraft:deaths":2,"minecraft:sneak_time":6235,"minecraft:walk_under_water_one_cm":3014,"minecraft:boat_one_cm":72697,"minecraft:jump":417,"minecraft:walk_on_water_one_cm":3524,"minecraft:total_world_time":51925,"minecraft:fall_one_cm":10429},"minecraft:picked_up":{"minecraft:wooden_axe":1,"minecraft:crafting_table":4,"minecraft:feather":1,"minecraft:chicken":1,"minecraft:clay_ball":16,"minecraft:brown_mushroom":2,"minecraft:wooden_pickaxe":2,"minecraft:flint":1,"create:raw_zinc":10,"minecraft:red_bed":1,"minecraft:stone_bricks":1,"minecraft:wheat_seeds":1,"minecraft:candle":7,"minecraft:stone_pickaxe":1,"minecraft:iron_ingot":2,"minecraft:furnace":1,"minecraft:raw_iron":22,"minecraft:torch":4,"minecraft:gravel":7,"minecraft:spruce_sapling":1,"minecraft:spruce_log":18,"minecraft:mossy_cobblestone":1,"minecraft:baked_potato":1,"minecraft:coal":121,"minecraft:cobblestone":90}},"DataVersion":3465}