{"stats":{"minecraft:crafted":{"minecraft:crafting_table":1,"minecraft:spruce_planks":16,"minecraft:baked_potato":3,"minecraft:wooden_pickaxe":1,"minecraft:cooked_chicken":1,"minecraft:furnace":1,"rogues:flint_dagger":1,"minecraft:air":0,"minecraft:iron_boots":1,"minecraft:iron_chestplate":1,"minecraft:iron_axe":1,"minecraft:stick":16,"minecraft:iron_ingot":20,"minecraft:iron_pickaxe":1,"minecraft:stone_pickaxe":1,"minecraft:wooden_axe":1,"minecraft:torch":8},"minecraft:dropped":{"minecraft:gravel":7,"minecraft:candle":3,"minecraft:brown_mushroom":2,"minecraft:wheat_seeds":1,"minecraft:baked_potato":1,"minecraft:mossy_cobblestone":1,"minecraft:wooden_axe":1,"minecraft:stone_pickaxe":1,"minecraft:wooden_pickaxe":2,"create:raw_zinc":5,"minecraft:spruce_sapling":1},"minecraft:killed":{"naturalist:snail":1,"minecraft:chicken":1},"minecraft:killed_by":{"minecraft:skeleton":1,"minecraft:creeper":1},"minecraft:used":{"rogues:flint_dagger":4,"minecraft:stone_pickaxe":113,"minecraft:baked_potato":3,"minecraft:wooden_pickaxe":10,"minecraft:iron_chestplate":1,"minecraft:torch":5,"minecraft:crafting_table":4,"minecraft:spruce_log":1,"minecraft:wooden_axe":19,"minecraft:iron_axe":2,"minecraft:bread":1,"minecraft:iron_pickaxe":77,"minecraft:iron_boots":1,"minecraft:cobblestone":1,"minecraft:furnace":1,"minecraft:candle":1},"minecraft:mined":{"create:zinc_ore":5,"minecraft:oak_slab":2,"minecraft:brown_mushroom":7,"minecraft:red_bed":1,"minecraft:mossy_cobblestone":2,"minecraft:candle":1,"minecraft:clay":5,"minecraft:crafting_table":4,"minecraft:torch":1,"minecraft:copper_ore":1,"minecraft:cobblestone":3,"minecraft:spruce_leaves":2,"minecraft:wall_torch":3,"minecraft:dark_oak_slab":1,"minecraft:furnace":1,"minecraft:iron_ore":22,"minecraft:spruce_log":19,"minecraft:grass":2,"minecraft:oak_log":5,"minecraft:coal_ore":76,"minecraft:vine":1,"minecraft:gravel":8,"minecraft:bamboo":1,"minecraft:stone":88,"minecraft:fern":1},"minecraft:custom":{"minecraft:interact_with_furnace":11,"minecraft:mob_kills":2,"minecraft:interact_with_crafting_table":12,"minecraft:open_barrel":6,"minecraft:leave_game":13,"minecraft:time_since_death":15477,"minecraft:time_since_rest":15628,"minecraft:sprint_one_cm":93752,"minecraft:damage_taken":855,"minecraft:walk_one_cm":126782,"minecraft:drop":19,"minecraft:damage_dealt":106,"minecraft:swim_one_cm":5950,"minecraft:fly_one_cm":62929,"minecraft:player_kills":1,"minecraft:open_chest":7,"minecraft:crouch_one_cm":11430,"minecraft:play_time":63925,"minecraft:deaths":2,"minecraft:sneak_time":6827,"minecraft:walk_under_water_one_cm":6010,"minecraft:boat_one_cm":260883,"minecraft:jump":667,"minecraft:walk_on_water_one_cm":5411,"minecraft:total_world_time":63925,"minecraft:fall_one_cm":10847},"minecraft:picked_up":{"minecraft:wooden_axe":1,"minecraft:crafting_table":4,"minecraft:feather":1,"minecraft:chicken":1,"minecraft:clay_ball":16,"minecraft:brown_mushroom":2,"minecraft:wooden_pickaxe":2,"minecraft:flint":1,"create:raw_zinc":10,"minecraft:oak_log":5,"minecraft:red_bed":1,"minecraft:stone_bricks":1,"minecraft:wheat_seeds":1,"minecraft:candle":7,"minecraft:stone_pickaxe":1,"minecraft:iron_ingot":2,"minecraft:bamboo":7,"minecraft:furnace":1,"minecraft:stick":1,"minecraft:raw_iron":22,"minecraft:torch":4,"minecraft:gravel":7,"minecraft:spruce_sapling":1,"minecraft:spruce_log":19,"minecraft:mossy_cobblestone":1,"minecraft:slime_ball":1,"minecraft:baked_potato":1,"minecraft:coal":121,"minecraft:cobblestone":90}},"DataVersion":3465}