{
  "rpg_series:root": {
    "criteria": {
      "always": "2024-07-27 01:20:06 +0000"
    },
    "done": true
  },
  "minecraft:recipes/decorations/crafting_table": {
    "criteria": {
      "unlock_right_away": "2024-07-27 01:20:06 +0000"
    },
    "done": true
  },
  "betterdeserttemples:root": {
    "criteria": {
      "always": "2024-07-27 01:20:06 +0000"
    },
    "done": true
  },
  "betternether:root": {
    "criteria": {
      "welcome": "2024-07-27 01:20:07 +0000"
    },
    "done": true
  },
  "minecraft:adventure/adventuring_time": {
    "criteria": {
      "minecraft:taiga": "2024-07-27 03:49:41 +0000",
      "minecraft:beach": "2024-07-27 03:54:05 +0000",
      "minecraft:river": "2024-07-27 03:53:54 +0000",
      "minecraft:cold_ocean": "2024-07-27 04:13:41 +0000",
      "minecraft:lush_caves": "2024-07-27 03:56:38 +0000",
      "minecraft:old_growth_spruce_taiga": "2024-07-27 01:20:07 +0000"
    },
    "done": false
  },
  "dungeonnowloading:story/labyrinth/find_labyrinth": {
    "criteria": {
      "find_labyrinth": "2024-07-27 03:44:50 +0000"
    },
    "done": true
  },
  "advancednetherite:recipes/building_blocks/netherite_iron_block": {
    "criteria": {
      "has_the_recipe": "2024-07-27 03:46:42 +0000"
    },
    "done": true
  },
  "advancednetherite:recipes/netherite_gold_block": {
    "criteria": {
      "has_ingredients": "2024-07-27 03:46:42 +0000"
    },
    "done": true
  },
  "advancednetherite:recipes/misc/netherite_diamond_ingot_from_block": {
    "criteria": {
      "has_the_recipe": "2024-07-27 03:46:42 +0000"
    },
    "done": true
  },
  "create:root": {
    "criteria": {
      "0": "2024-07-27 03:46:42 +0000"
    },
    "done": true
  },
  "minecraft:recipes/building_blocks/stone_brick_stairs": {
    "criteria": {
      "has_stone_bricks": "2024-07-27 03:46:42 +0000"
    },
    "done": true
  },
  "naturalist:recipes/food/cooked_egg": {
    "criteria": {
      "has_eggs": "2024-07-27 03:46:42 +0000"
    },
    "done": true
  },
  "advancednetherite:recipes/building_blocks/netherite_diamond_block": {
    "criteria": {
      "has_the_recipe": "2024-07-27 03:46:42 +0000"
    },
    "done": true
  },
  "advancednetherite:recipes/building_blocks/netherite_gold_block": {
    "criteria": {
      "has_the_recipe": "2024-07-27 03:46:42 +0000"
    },
    "done": true
  },
  "advancednetherite:recipes/netherite_diamond_block": {
    "criteria": {
      "has_ingredients": "2024-07-27 03:46:42 +0000"
    },
    "done": true
  },
  "minecraft:recipes/building_blocks/stone_brick_slab": {
    "criteria": {
      "has_stone_bricks": "2024-07-27 03:46:42 +0000"
    },
    "done": true
  },
  "minecraft:recipes/building_blocks/chiseled_stone_bricks_from_stone_bricks_stonecutting": {
    "criteria": {
      "has_stone_bricks": "2024-07-27 03:46:42 +0000"
    },
    "done": true
  },
  "advancednetherite:recipes/misc/netherite_gold_ingot": {
    "criteria": {
      "has_the_recipe": "2024-07-27 03:46:42 +0000"
    },
    "done": true
  },
  "advancednetherite:recipes/misc/netherite_diamond_ingot": {
    "criteria": {
      "has_the_recipe": "2024-07-27 03:46:42 +0000"
    },
    "done": true
  },
  "advancednetherite:recipes/misc/netherite_gold_ingot_from_block": {
    "criteria": {
      "has_the_recipe": "2024-07-27 03:46:42 +0000"
    },
    "done": true
  },
  "minecraft:recipes/decorations/stone_brick_wall": {
    "criteria": {
      "has_stone_bricks": "2024-07-27 03:46:42 +0000"
    },
    "done": true
  },
  "advancednetherite:recipes/building_blocks/netherite_emerald_block": {
    "criteria": {
      "has_the_recipe": "2024-07-27 03:46:42 +0000"
    },
    "done": true
  },
  "advancednetherite:recipes/misc/netherite_iron_ingot_from_block": {
    "criteria": {
      "has_the_recipe": "2024-07-27 03:46:42 +0000"
    },
    "done": true
  },
  "minecraft:recipes/building_blocks/cracked_stone_bricks": {
    "criteria": {
      "has_stone_bricks": "2024-07-27 03:46:42 +0000"
    },
    "done": true
  },
  "minecraft:recipes/building_blocks/stone_brick_stairs_from_stone_bricks_stonecutting": {
    "criteria": {
      "has_stone_bricks": "2024-07-27 03:46:42 +0000"
    },
    "done": true
  },
  "minecraft:recipes/building_blocks/chiseled_stone_bricks": {
    "criteria": {
      "has_tag": "2024-07-27 03:46:42 +0000"
    },
    "done": true
  },
  "advancednetherite:recipes/misc/netherite_emerald_ingot": {
    "criteria": {
      "has_the_recipe": "2024-07-27 03:46:42 +0000"
    },
    "done": true
  },
  "minecraft:recipes/decorations/stone_brick_wall_from_stone_bricks_stonecutting": {
    "criteria": {
      "has_stone_bricks": "2024-07-27 03:46:42 +0000"
    },
    "done": true
  },
  "advancednetherite:recipes/misc/netherite_emerald_ingot_from_block": {
    "criteria": {
      "has_the_recipe": "2024-07-27 03:46:42 +0000"
    },
    "done": true
  },
  "advancednetherite:recipes/netherite_iron_block": {
    "criteria": {
      "has_ingredients": "2024-07-27 03:46:42 +0000"
    },
    "done": true
  },
  "totw_modded:root": {
    "criteria": {
      "sample_trigger": "2024-07-27 03:46:42 +0000"
    },
    "done": true
  },
  "advancednetherite:recipes/netherite_ingots": {
    "criteria": {
      "has_ingredients": "2024-07-27 03:46:42 +0000"
    },
    "done": true
  },
  "minecraft:recipes/building_blocks/stone_brick_slab_from_stone_bricks_stonecutting": {
    "criteria": {
      "has_stone_bricks": "2024-07-27 03:46:42 +0000"
    },
    "done": true
  },
  "advancednetherite:recipes/netherite_emerald_block": {
    "criteria": {
      "has_ingredients": "2024-07-27 03:46:42 +0000"
    },
    "done": true
  },
  "advancednetherite:recipes/misc/netherite_iron_ingot": {
    "criteria": {
      "has_the_recipe": "2024-07-27 03:46:42 +0000"
    },
    "done": true
  },
  "minecraft:adventure/root": {
    "criteria": {
      "killed_by_something": "2024-07-27 03:46:44 +0000"
    },
    "done": true
  },
  "minecraft:recipes/building_blocks/red_concrete_powder": {
    "criteria": {
      "has_gravel": "2024-07-27 03:47:50 +0000"
    },
    "done": true
  },
  "minecraft:recipes/building_blocks/green_concrete_powder": {
    "criteria": {
      "has_gravel": "2024-07-27 03:47:50 +0000"
    },
    "done": true
  },
  "minecraft:recipes/building_blocks/blue_concrete_powder": {
    "criteria": {
      "has_gravel": "2024-07-27 03:47:50 +0000"
    },
    "done": true
  },
  "minecraft:recipes/building_blocks/lime_concrete_powder": {
    "criteria": {
      "has_gravel": "2024-07-27 03:47:50 +0000"
    },
    "done": true
  },
  "minecraft:recipes/building_blocks/orange_concrete_powder": {
    "criteria": {
      "has_gravel": "2024-07-27 03:47:50 +0000"
    },
    "done": true
  },
  "minecraft:recipes/building_blocks/magenta_concrete_powder": {
    "criteria": {
      "has_gravel": "2024-07-27 03:47:50 +0000"
    },
    "done": true
  },
  "minecraft:recipes/building_blocks/black_concrete_powder": {
    "criteria": {
      "has_gravel": "2024-07-27 03:47:50 +0000"
    },
    "done": true
  },
  "minecraft:recipes/building_blocks/purple_concrete_powder": {
    "criteria": {
      "has_gravel": "2024-07-27 03:47:50 +0000"
    },
    "done": true
  },
  "minecraft:recipes/building_blocks/cyan_concrete_powder": {
    "criteria": {
      "has_gravel": "2024-07-27 03:47:50 +0000"
    },
    "done": true
  },
  "minecraft:recipes/building_blocks/coarse_dirt": {
    "criteria": {
      "has_gravel": "2024-07-27 03:47:50 +0000"
    },
    "done": true
  },
  "minecraft:recipes/building_blocks/light_gray_concrete_powder": {
    "criteria": {
      "has_gravel": "2024-07-27 03:47:50 +0000"
    },
    "done": true
  },
  "minecraft:recipes/building_blocks/pink_concrete_powder": {
    "criteria": {
      "has_gravel": "2024-07-27 03:47:50 +0000"
    },
    "done": true
  },
  "minecraft:recipes/building_blocks/brown_concrete_powder": {
    "criteria": {
      "has_gravel": "2024-07-27 03:47:50 +0000"
    },
    "done": true
  },
  "minecraft:recipes/building_blocks/light_blue_concrete_powder": {
    "criteria": {
      "has_gravel": "2024-07-27 03:47:50 +0000"
    },
    "done": true
  },
  "minecraft:recipes/building_blocks/white_concrete_powder": {
    "criteria": {
      "has_gravel": "2024-07-27 03:47:50 +0000"
    },
    "done": true
  },
  "minecraft:recipes/building_blocks/yellow_concrete_powder": {
    "criteria": {
      "has_gravel": "2024-07-27 03:47:50 +0000"
    },
    "done": true
  },
  "minecraft:recipes/building_blocks/gray_concrete_powder": {
    "criteria": {
      "has_gravel": "2024-07-27 03:47:50 +0000"
    },
    "done": true
  },
  "minecraft:recipes/decorations/fletching_table": {
    "criteria": {
      "has_flint": "2024-07-27 03:47:55 +0000"
    },
    "done": true
  },
  "minecraft:recipes/combat/arrow": {
    "criteria": {
      "has_flint": "2024-07-27 03:47:55 +0000"
    },
    "done": true
  },
  "minecraft:recipes/tools/flint_and_steel": {
    "criteria": {
      "has_flint": "2024-07-27 03:47:55 +0000"
    },
    "done": true
  },
  "minecraft:recipes/food/cooked_chicken_from_campfire_cooking": {
    "criteria": {
      "has_chicken": "2024-07-27 03:48:13 +0000"
    },
    "done": true
  },
  "minecraft:recipes/food/cooked_chicken_from_smoking": {
    "criteria": {
      "has_chicken": "2024-07-27 03:48:13 +0000"
    },
    "done": true
  },
  "minecraft:recipes/food/cooked_chicken": {
    "criteria": {
      "has_chicken": "2024-07-27 03:48:13 +0000"
    },
    "done": true
  },
  "chiselsandbits:recipes/tools/quill": {
    "criteria": {
      "has_tag_a": "2024-07-27 03:48:13 +0000"
    },
    "done": true
  },
  "decorative_blocks:recipes/building_blocks/spruce_palisade": {
    "criteria": {
      "has_log": "2024-07-27 03:48:38 +0000"
    },
    "done": true
  },
  "chiselsandbits:recipes/tools/bit_storage": {
    "criteria": {
      "has_l": "2024-07-27 03:48:38 +0000"
    },
    "done": true
  },
  "minecraft:recipes/misc/charcoal": {
    "criteria": {
      "has_log": "2024-07-27 03:48:38 +0000"
    },
    "done": true
  },
  "chiselsandbits:recipes/tools/chiseled_printer": {
    "criteria": {
      "has_l": "2024-07-27 03:48:38 +0000"
    },
    "done": true
  },
  "chiselsandbits:recipes/tools/modification_table": {
    "criteria": {
      "has_b": "2024-07-27 03:48:38 +0000"
    },
    "done": true
  },
  "minecraft:recipes/building_blocks/spruce_wood": {
    "criteria": {
      "has_log": "2024-07-27 03:48:38 +0000"
    },
    "done": true
  },
  "minecraft:recipes/building_blocks/spruce_planks": {
    "criteria": {
      "has_logs": "2024-07-27 03:48:38 +0000"
    },
    "done": true
  },
  "mcwdoors:recipes/spruce": {
    "criteria": {
      "has_wood": "2024-07-27 03:48:38 +0000"
    },
    "done": true
  },
  "decorative_blocks:recipes/building_blocks/spruce_support": {
    "criteria": {
      "has_plank": "2024-07-27 03:48:54 +0000"
    },
    "done": true
  },
  "betternether:recipes/redstone/piston": {
    "criteria": {
      "has_tag_minecraft_planks": "2024-07-27 03:48:54 +0000"
    },
    "done": true
  },
  "minecraft:recipes/misc/stick": {
    "criteria": {
      "has_planks": "2024-07-27 03:48:54 +0000"
    },
    "done": true
  },
  "minecraft:recipes/decorations/spruce_fence": {
    "criteria": {
      "has_planks": "2024-07-27 03:48:54 +0000"
    },
    "done": true
  },
  "create:recipes/building_blocks/spruce_window": {
    "criteria": {
      "has_ingredient": "2024-07-27 03:48:54 +0000"
    },
    "done": true
  },
  "minecraft:recipes/redstone/spruce_button": {
    "criteria": {
      "has_planks": "2024-07-27 03:48:54 +0000"
    },
    "done": true
  },
  "minecraft:recipes/redstone/spruce_pressure_plate": {
    "criteria": {
      "has_planks": "2024-07-27 03:48:54 +0000"
    },
    "done": true
  },
  "minecraft:recipes/decorations/barrel": {
    "criteria": {
      "has_planks": "2024-07-27 03:48:54 +0000"
    },
    "done": true
  },
  "bclib:recipes/redstone/tag_piston": {
    "criteria": {
      "has_tag_minecraft_planks": "2024-07-27 03:48:54 +0000"
    },
    "done": true
  },
  "decorative_blocks:recipes/building_blocks/spruce_seat": {
    "criteria": {
      "has_plank": "2024-07-27 03:48:54 +0000"
    },
    "done": true
  },
  "minecraft:recipes/decorations/spruce_sign": {
    "criteria": {
      "has_planks": "2024-07-27 03:48:54 +0000"
    },
    "done": true
  },
  "bclib:recipes/decorations/tag_smith_table": {
    "criteria": {
      "has_tag_minecraft_planks": "2024-07-27 03:48:54 +0000"
    },
    "done": true
  },
  "bclib:recipes/combat/tag_shield": {
    "criteria": {
      "has_tag_minecraft_planks": "2024-07-27 03:48:54 +0000"
    },
    "done": true
  },
  "minecraft:recipes/building_blocks/spruce_slab": {
    "criteria": {
      "has_planks": "2024-07-27 03:48:54 +0000"
    },
    "done": true
  },
  "betternether:recipes/combat/shield": {
    "criteria": {
      "has_tag_minecraft_planks": "2024-07-27 03:48:54 +0000"
    },
    "done": true
  },
  "chiselsandbits:recipes/tools/wrench": {
    "criteria": {
      "has_p": "2024-07-27 03:48:54 +0000"
    },
    "done": true
  },
  "minecraft:recipes/redstone/spruce_trapdoor": {
    "criteria": {
      "has_planks": "2024-07-27 03:48:54 +0000"
    },
    "done": true
  },
  "minecraft:recipes/redstone/spruce_door": {
    "criteria": {
      "has_planks": "2024-07-27 03:48:54 +0000"
    },
    "done": true
  },
  "minecraft:recipes/redstone/spruce_fence_gate": {
    "criteria": {
      "has_planks": "2024-07-27 03:48:54 +0000"
    },
    "done": true
  },
  "minecraft:recipes/building_blocks/spruce_stairs": {
    "criteria": {
      "has_planks": "2024-07-27 03:48:54 +0000"
    },
    "done": true
  },
  "create:recipes/misc/crafting/appliances/crafting_blueprint": {
    "criteria": {
      "has_item": "2024-07-27 03:49:02 +0000"
    },
    "done": true
  },
  "victus:recipes/victus_journal": {
    "criteria": {
      "has_items": "2024-07-27 03:49:02 +0000"
    },
    "done": true
  },
  "dungeonnowloading:story/root": {
    "criteria": {
      "obtain_crafting_table": "2024-07-27 03:49:02 +0000"
    },
    "done": true
  },
  "minecraft:story/root": {
    "criteria": {
      "crafting_table": "2024-07-27 03:49:02 +0000"
    },
    "done": true
  },
  "minecraft:recipes/decorations/ladder": {
    "criteria": {
      "has_stick": "2024-07-27 03:49:14 +0000"
    },
    "done": true
  },
  "betternether:recipes/decorations/wart_ladder": {
    "criteria": {
      "has_stick": "2024-07-27 03:49:14 +0000"
    },
    "done": true
  },
  "betternether:recipes/decorations/nether_reed_fence": {
    "criteria": {
      "has_stick": "2024-07-27 03:49:14 +0000"
    },
    "done": true
  },
  "betternether:recipes/decorations/mushroom_fir_bar_stool": {
    "criteria": {
      "has_stick": "2024-07-27 03:49:14 +0000"
    },
    "done": true
  },
  "betternether:recipes/decorations/willow_taburet": {
    "criteria": {
      "has_stick": "2024-07-27 03:49:14 +0000"
    },
    "done": true
  },
  "betternether:recipes/decorations/birch_bar_stool": {
    "criteria": {
      "has_stick": "2024-07-27 03:49:14 +0000"
    },
    "done": true
  },
  "betternether:recipes/decorations/warped_chair": {
    "criteria": {
      "has_stick": "2024-07-27 03:49:14 +0000"
    },
    "done": true
  },
  "betternether:recipes/redstone/rubeus_gate": {
    "criteria": {
      "has_stick": "2024-07-27 03:49:14 +0000"
    },
    "done": true
  },
  "betternether:recipes/decorations/wart_fence": {
    "criteria": {
      "has_stick": "2024-07-27 03:49:14 +0000"
    },
    "done": true
  },
  "chiselsandbits:recipes/tools/magnifying_glass": {
    "criteria": {
      "has_s": "2024-07-27 03:49:14 +0000"
    },
    "done": true
  },
  "betternether:recipes/decorations/chair_cincinnasite": {
    "criteria": {
      "has_stick": "2024-07-27 03:49:14 +0000"
    },
    "done": true
  },
  "betternether:recipes/decorations/rubeus_taburet": {
    "criteria": {
      "has_stick": "2024-07-27 03:49:14 +0000"
    },
    "done": true
  },
  "betternether:recipes/decorations/crimson_chair": {
    "criteria": {
      "has_stick": "2024-07-27 03:49:14 +0000"
    },
    "done": true
  },
  "minecraft:recipes/tools/wooden_axe": {
    "criteria": {
      "has_stick": "2024-07-27 03:49:14 +0000"
    },
    "done": true
  },
  "betternether:recipes/decorations/crimson_bar_stool": {
    "criteria": {
      "has_stick": "2024-07-27 03:49:14 +0000"
    },
    "done": true
  },
  "betternether:recipes/decorations/jungle_bar_stool": {
    "criteria": {
      "has_stick": "2024-07-27 03:49:14 +0000"
    },
    "done": true
  },
  "betternether:recipes/decorations/wart_bar_stool": {
    "criteria": {
      "has_stick": "2024-07-27 03:49:14 +0000"
    },
    "done": true
  },
  "betternether:recipes/decorations/bamboo_chair": {
    "criteria": {
      "has_stick": "2024-07-27 03:49:14 +0000"
    },
    "done": true
  },
  "betternether:recipes/decorations/oak_taburet": {
    "criteria": {
      "has_stick": "2024-07-27 03:49:14 +0000"
    },
    "done": true
  },
  "betternether:recipes/decorations/cherry_taburet": {
    "criteria": {
      "has_stick": "2024-07-27 03:49:14 +0000"
    },
    "done": true
  },
  "betternether:recipes/decorations/nether_mushroom_bar_stool": {
    "criteria": {
      "has_stick": "2024-07-27 03:49:14 +0000"
    },
    "done": true
  },
  "betternether:recipes/decorations/willow_fence": {
    "criteria": {
      "has_stick": "2024-07-27 03:49:14 +0000"
    },
    "done": true
  },
  "betternether:recipes/decorations/bamboo_taburet": {
    "criteria": {
      "has_stick": "2024-07-27 03:49:14 +0000"
    },
    "done": true
  },
  "betternether:recipes/decorations/birch_chair": {
    "criteria": {
      "has_stick": "2024-07-27 03:49:14 +0000"
    },
    "done": true
  },
  "betternether:recipes/decorations/anchor_tree_bar_stool": {
    "criteria": {
      "has_stick": "2024-07-27 03:49:14 +0000"
    },
    "done": true
  },
  "betternether:recipes/decorations/crimson_taburet": {
    "criteria": {
      "has_stick": "2024-07-27 03:49:14 +0000"
    },
    "done": true
  },
  "betternether:recipes/decorations/anchor_tree_sign": {
    "criteria": {
      "has_stick": "2024-07-27 03:49:14 +0000"
    },
    "done": true
  },
  "betternether:recipes/transportation/rail": {
    "criteria": {
      "has_stick": "2024-07-27 03:49:14 +0000"
    },
    "done": true
  },
  "betternether:recipes/decorations/wart_sign": {
    "criteria": {
      "has_stick": "2024-07-27 03:49:14 +0000"
    },
    "done": true
  },
  "betternether:recipes/decorations/rubeus_chair": {
    "criteria": {
      "has_stick": "2024-07-27 03:49:14 +0000"
    },
    "done": true
  },
  "betternether:recipes/decorations/stalagnate_chair": {
    "criteria": {
      "has_stick": "2024-07-27 03:49:14 +0000"
    },
    "done": true
  },
  "betternether:recipes/redstone/mushroom_fir_gate": {
    "criteria": {
      "has_stick": "2024-07-27 03:49:14 +0000"
    },
    "done": true
  },
  "betternether:recipes/decorations/oak_bar_stool": {
    "criteria": {
      "has_stick": "2024-07-27 03:49:14 +0000"
    },
    "done": true
  },
  "chiselsandbits:recipes/tools/chisel_diamond": {
    "criteria": {
      "has_rod": "2024-07-27 03:49:14 +0000"
    },
    "done": true
  },
  "betternether:recipes/decorations/birch_taburet": {
    "criteria": {
      "has_stick": "2024-07-27 03:49:14 +0000"
    },
    "done": true
  },
  "betternether:recipes/redstone/stalagnate_gate": {
    "criteria": {
      "has_stick": "2024-07-27 03:49:14 +0000"
    },
    "done": true
  },
  "betternether:recipes/decorations/nether_reed_sign": {
    "criteria": {
      "has_stick": "2024-07-27 03:49:14 +0000"
    },
    "done": true
  },
  "betternether:recipes/decorations/nether_reed_ladder": {
    "criteria": {
      "has_stick": "2024-07-27 03:49:14 +0000"
    },
    "done": true
  },
  "decorative_blocks:recipes/building_blocks/lattice": {
    "criteria": {
      "has_stick": "2024-07-27 03:49:14 +0000"
    },
    "done": true
  },
  "betternether:recipes/decorations/nether_reed_bar_stool": {
    "criteria": {
      "has_stick": "2024-07-27 03:49:14 +0000"
    },
    "done": true
  },
  "betternether:recipes/decorations/acacia_taburet": {
    "criteria": {
      "has_stick": "2024-07-27 03:49:14 +0000"
    },
    "done": true
  },
  "minecraft:recipes/decorations/campfire": {
    "criteria": {
      "has_stick": "2024-07-27 03:49:14 +0000"
    },
    "done": true
  },
  "minecraft:recipes/tools/wooden_hoe": {
    "criteria": {
      "has_stick": "2024-07-27 03:49:14 +0000"
    },
    "done": true
  },
  "betternether:recipes/decorations/mushroom_fir_fence": {
    "criteria": {
      "has_stick": "2024-07-27 03:49:14 +0000"
    },
    "done": true
  },
  "betternether:recipes/decorations/oak_chair": {
    "criteria": {
      "has_stick": "2024-07-27 03:49:14 +0000"
    },
    "done": true
  },
  "betternether:recipes/decorations/willow_ladder": {
    "criteria": {
      "has_stick": "2024-07-27 03:49:14 +0000"
    },
    "done": true
  },
  "betternether:recipes/decorations/jungle_chair": {
    "criteria": {
      "has_stick": "2024-07-27 03:49:14 +0000"
    },
    "done": true
  },
  "betternether:recipes/decorations/nether_sakura_fence": {
    "criteria": {
      "has_stick": "2024-07-27 03:49:14 +0000"
    },
    "done": true
  },
  "betternether:recipes/redstone/anchor_tree_gate": {
    "criteria": {
      "has_stick": "2024-07-27 03:49:14 +0000"
    },
    "done": true
  },
  "betternether:recipes/decorations/mushroom_fir_ladder": {
    "criteria": {
      "has_stick": "2024-07-27 03:49:14 +0000"
    },
    "done": true
  },
  "betternether:recipes/decorations/nether_sakura_ladder": {
    "criteria": {
      "has_stick": "2024-07-27 03:49:14 +0000"
    },
    "done": true
  },
  "minecraft:recipes/tools/wooden_shovel": {
    "criteria": {
      "has_stick": "2024-07-27 03:49:14 +0000"
    },
    "done": true
  },
  "betternether:recipes/decorations/nether_sakura_bar_stool": {
    "criteria": {
      "has_stick": "2024-07-27 03:49:14 +0000"
    },
    "done": true
  },
  "betternether:recipes/decorations/bamboo_bar_stool": {
    "criteria": {
      "has_stick": "2024-07-27 03:49:14 +0000"
    },
    "done": true
  },
  "betternether:recipes/decorations/dark_oak_taburet": {
    "criteria": {
      "has_stick": "2024-07-27 03:49:14 +0000"
    },
    "done": true
  },
  "betternether:recipes/decorations/mushroom_fir_taburet": {
    "criteria": {
      "has_stick": "2024-07-27 03:49:14 +0000"
    },
    "done": true
  },
  "minecraft:recipes/combat/wooden_sword": {
    "criteria": {
      "has_stick": "2024-07-27 03:49:14 +0000"
    },
    "done": true
  },
  "chiselsandbits:recipes/tools/chisel_gold": {
    "criteria": {
      "has_rod": "2024-07-27 03:49:14 +0000"
    },
    "done": true
  },
  "betternether:recipes/redstone/nether_sakura_gate": {
    "criteria": {
      "has_stick": "2024-07-27 03:49:14 +0000"
    },
    "done": true
  },
  "betternether:recipes/redstone/nether_reed_gate": {
    "criteria": {
      "has_stick": "2024-07-27 03:49:14 +0000"
    },
    "done": true
  },
  "betternether:recipes/decorations/mushroom_fir_sign": {
    "criteria": {
      "has_stick": "2024-07-27 03:49:14 +0000"
    },
    "done": true
  },
  "betternether:recipes/decorations/nether_mushroom_taburet": {
    "criteria": {
      "has_stick": "2024-07-27 03:49:14 +0000"
    },
    "done": true
  },
  "betternether:recipes/decorations/cherry_bar_stool": {
    "criteria": {
      "has_stick": "2024-07-27 03:49:14 +0000"
    },
    "done": true
  },
  "betternether:recipes/decorations/dark_oak_bar_stool": {
    "criteria": {
      "has_stick": "2024-07-27 03:49:14 +0000"
    },
    "done": true
  },
  "betternether:recipes/decorations/mushroom_fir_chair": {
    "criteria": {
      "has_stick": "2024-07-27 03:49:14 +0000"
    },
    "done": true
  },
  "betternether:recipes/decorations/mangrove_chair": {
    "criteria": {
      "has_stick": "2024-07-27 03:49:14 +0000"
    },
    "done": true
  },
  "betternether:recipes/decorations/warped_taburet": {
    "criteria": {
      "has_stick": "2024-07-27 03:49:14 +0000"
    },
    "done": true
  },
  "betternether:recipes/decorations/stalagnate_ladder": {
    "criteria": {
      "has_stick": "2024-07-27 03:49:14 +0000"
    },
    "done": true
  },
  "betternether:recipes/decorations/nether_sakura_chair": {
    "criteria": {
      "has_stick": "2024-07-27 03:49:14 +0000"
    },
    "done": true
  },
  "betternether:recipes/redstone/nether_mushroom_gate": {
    "criteria": {
      "has_stick": "2024-07-27 03:49:14 +0000"
    },
    "done": true
  },
  "betternether:recipes/decorations/dark_oak_chair": {
    "criteria": {
      "has_stick": "2024-07-27 03:49:14 +0000"
    },
    "done": true
  },
  "betternether:recipes/decorations/anchor_tree_chair": {
    "criteria": {
      "has_stick": "2024-07-27 03:49:14 +0000"
    },
    "done": true
  },
  "betternether:recipes/decorations/warped_bar_stool": {
    "criteria": {
      "has_stick": "2024-07-27 03:49:14 +0000"
    },
    "done": true
  },
  "betternether:recipes/decorations/anchor_tree_taburet": {
    "criteria": {
      "has_stick": "2024-07-27 03:49:14 +0000"
    },
    "done": true
  },
  "betternether:recipes/decorations/warped_ladder": {
    "criteria": {
      "has_stick": "2024-07-27 03:49:14 +0000"
    },
    "done": true
  },
  "betternether:recipes/decorations/stalagnate_taburet": {
    "criteria": {
      "has_stick": "2024-07-27 03:49:14 +0000"
    },
    "done": true
  },
  "betternether:recipes/decorations/acacia_chair": {
    "criteria": {
      "has_stick": "2024-07-27 03:49:14 +0000"
    },
    "done": true
  },
  "betternether:recipes/decorations/spruce_taburet": {
    "criteria": {
      "has_stick": "2024-07-27 03:49:14 +0000"
    },
    "done": true
  },
  "bclib:recipes/transportation/tag_rail": {
    "criteria": {
      "has_stick": "2024-07-27 03:49:14 +0000"
    },
    "done": true
  },
  "betternether:recipes/decorations/wart_taburet": {
    "criteria": {
      "has_stick": "2024-07-27 03:49:14 +0000"
    },
    "done": true
  },
  "betternether:recipes/decorations/bar_stool_cincinnasite": {
    "criteria": {
      "has_stick": "2024-07-27 03:49:14 +0000"
    },
    "done": true
  },
  "betternether:recipes/decorations/rubeus_ladder": {
    "criteria": {
      "has_stick": "2024-07-27 03:49:14 +0000"
    },
    "done": true
  },
  "betternether:recipes/decorations/willow_sign": {
    "criteria": {
      "has_stick": "2024-07-27 03:49:14 +0000"
    },
    "done": true
  },
  "betternether:recipes/decorations/mangrove_bar_stool": {
    "criteria": {
      "has_stick": "2024-07-27 03:49:14 +0000"
    },
    "done": true
  },
  "betternether:recipes/decorations/rubeus_sign": {
    "criteria": {
      "has_stick": "2024-07-27 03:49:14 +0000"
    },
    "done": true
  },
  "betternether:recipes/decorations/acacia_bar_stool": {
    "criteria": {
      "has_stick": "2024-07-27 03:49:14 +0000"
    },
    "done": true
  },
  "betternether:recipes/decorations/willow_bar_stool": {
    "criteria": {
      "has_stick": "2024-07-27 03:49:14 +0000"
    },
    "done": true
  },
  "betternether:recipes/decorations/rubeus_fence": {
    "criteria": {
      "has_stick": "2024-07-27 03:49:14 +0000"
    },
    "done": true
  },
  "betternether:recipes/decorations/nether_reed_chair": {
    "criteria": {
      "has_stick": "2024-07-27 03:49:14 +0000"
    },
    "done": true
  },
  "betternether:recipes/redstone/wart_gate": {
    "criteria": {
      "has_stick": "2024-07-27 03:49:14 +0000"
    },
    "done": true
  },
  "betternether:recipes/decorations/nether_sakura_taburet": {
    "criteria": {
      "has_stick": "2024-07-27 03:49:14 +0000"
    },
    "done": true
  },
  "minecraft:recipes/tools/wooden_pickaxe": {
    "criteria": {
      "has_stick": "2024-07-27 03:49:14 +0000"
    },
    "done": true
  },
  "betternether:recipes/decorations/jungle_taburet": {
    "criteria": {
      "has_stick": "2024-07-27 03:49:14 +0000"
    },
    "done": true
  },
  "chiselsandbits:recipes/tools/chisel_iron": {
    "criteria": {
      "has_rod": "2024-07-27 03:49:14 +0000"
    },
    "done": true
  },
  "betternether:recipes/decorations/stalagnate_sign": {
    "criteria": {
      "has_stick": "2024-07-27 03:49:14 +0000"
    },
    "done": true
  },
  "betternether:recipes/decorations/anchor_tree_fence": {
    "criteria": {
      "has_stick": "2024-07-27 03:49:14 +0000"
    },
    "done": true
  },
  "betternether:recipes/decorations/nether_mushroom_fence": {
    "criteria": {
      "has_stick": "2024-07-27 03:49:14 +0000"
    },
    "done": true
  },
  "betternether:recipes/decorations/nether_sakura_sign": {
    "criteria": {
      "has_stick": "2024-07-27 03:49:14 +0000"
    },
    "done": true
  },
  "betternether:recipes/decorations/rubeus_bar_stool": {
    "criteria": {
      "has_stick": "2024-07-27 03:49:14 +0000"
    },
    "done": true
  },
  "betternether:recipes/decorations/wart_chair": {
    "criteria": {
      "has_stick": "2024-07-27 03:49:14 +0000"
    },
    "done": true
  },
  "betternether:recipes/decorations/nether_mushroom_ladder": {
    "criteria": {
      "has_stick": "2024-07-27 03:49:14 +0000"
    },
    "done": true
  },
  "betternether:recipes/decorations/nether_reed_taburet": {
    "criteria": {
      "has_stick": "2024-07-27 03:49:14 +0000"
    },
    "done": true
  },
  "betternether:recipes/decorations/stalagnate_fence": {
    "criteria": {
      "has_stick": "2024-07-27 03:49:14 +0000"
    },
    "done": true
  },
  "betternether:recipes/decorations/nether_mushroom_chair": {
    "criteria": {
      "has_stick": "2024-07-27 03:49:14 +0000"
    },
    "done": true
  },
  "betternether:recipes/decorations/nether_mushroom_sign": {
    "criteria": {
      "has_stick": "2024-07-27 03:49:14 +0000"
    },
    "done": true
  },
  "betternether:recipes/decorations/spruce_chair": {
    "criteria": {
      "has_stick": "2024-07-27 03:49:14 +0000"
    },
    "done": true
  },
  "betternether:recipes/decorations/mangrove_taburet": {
    "criteria": {
      "has_stick": "2024-07-27 03:49:14 +0000"
    },
    "done": true
  },
  "betternether:recipes/decorations/anchor_tree_ladder": {
    "criteria": {
      "has_stick": "2024-07-27 03:49:14 +0000"
    },
    "done": true
  },
  "betternether:recipes/transportation/activator_rail": {
    "criteria": {
      "has_stick": "2024-07-27 03:49:14 +0000"
    },
    "done": true
  },
  "betternether:recipes/decorations/cherry_chair": {
    "criteria": {
      "has_stick": "2024-07-27 03:49:14 +0000"
    },
    "done": true
  },
  "betternether:recipes/redstone/willow_gate": {
    "criteria": {
      "has_stick": "2024-07-27 03:49:14 +0000"
    },
    "done": true
  },
  "chiselsandbits:recipes/tools/chisel_stone": {
    "criteria": {
      "has_rod": "2024-07-27 03:49:14 +0000"
    },
    "done": true
  },
  "betternether:recipes/decorations/willow_chair": {
    "criteria": {
      "has_stick": "2024-07-27 03:49:14 +0000"
    },
    "done": true
  },
  "betternether:recipes/decorations/spruce_bar_stool": {
    "criteria": {
      "has_stick": "2024-07-27 03:49:14 +0000"
    },
    "done": true
  },
  "betternether:recipes/decorations/taburet_cincinnasite": {
    "criteria": {
      "has_stick": "2024-07-27 03:49:14 +0000"
    },
    "done": true
  },
  "betternether:recipes/decorations/stalagnate_bar_stool": {
    "criteria": {
      "has_stick": "2024-07-27 03:49:14 +0000"
    },
    "done": true
  },
  "betternether:recipes/decorations/crimson_ladder": {
    "criteria": {
      "has_stick": "2024-07-27 03:49:14 +0000"
    },
    "done": true
  },
  "minecraft:recipes/decorations/chest": {
    "criteria": {
      "has_lots_of_items": "2024-07-27 03:50:43 +0000"
    },
    "done": true
  },
  "minecraft:recipes/transportation/cherry_boat": {
    "criteria": {
      "in_water": "2024-07-27 03:50:51 +0000"
    },
    "done": true
  },
  "minecraft:recipes/transportation/bamboo_raft": {
    "criteria": {
      "in_water": "2024-07-27 03:50:51 +0000"
    },
    "done": true
  },
  "minecraft:recipes/transportation/acacia_boat": {
    "criteria": {
      "in_water": "2024-07-27 03:50:51 +0000"
    },
    "done": true
  },
  "minecraft:recipes/transportation/jungle_boat": {
    "criteria": {
      "in_water": "2024-07-27 03:50:51 +0000"
    },
    "done": true
  },
  "minecraft:recipes/transportation/spruce_boat": {
    "criteria": {
      "in_water": "2024-07-27 03:50:51 +0000"
    },
    "done": true
  },
  "minecraft:recipes/transportation/birch_boat": {
    "criteria": {
      "in_water": "2024-07-27 03:50:51 +0000"
    },
    "done": true
  },
  "minecraft:recipes/transportation/oak_boat": {
    "criteria": {
      "in_water": "2024-07-27 03:50:51 +0000"
    },
    "done": true
  },
  "minecraft:recipes/transportation/mangrove_boat": {
    "criteria": {
      "in_water": "2024-07-27 03:50:51 +0000"
    },
    "done": true
  },
  "minecraft:recipes/transportation/dark_oak_boat": {
    "criteria": {
      "in_water": "2024-07-27 03:50:51 +0000"
    },
    "done": true
  },
  "betternether:recipes/misc/wall_mushroom_brown": {
    "criteria": {
      "has_brown_mushroom": "2024-07-27 03:51:21 +0000"
    },
    "done": true
  },
  "minecraft:recipes/misc/bowl": {
    "criteria": {
      "has_brown_mushroom": "2024-07-27 03:51:21 +0000"
    },
    "done": true
  },
  "betternether:recipes/food/stalagnate_bowl_mushroom": {
    "criteria": {
      "has_brown_mushroom": "2024-07-27 03:51:21 +0000"
    },
    "done": true
  },
  "minecraft:recipes/food/mushroom_stew": {
    "criteria": {
      "has_brown_mushroom": "2024-07-27 03:51:21 +0000"
    },
    "done": true
  },
  "minecraft:recipes/combat/leather_helmet": {
    "criteria": {
      "has_leather": "2024-07-27 03:51:58 +0000"
    },
    "done": true
  },
  "minecraft:recipes/combat/leather_chestplate": {
    "criteria": {
      "has_leather": "2024-07-27 03:51:58 +0000"
    },
    "done": true
  },
  "minecraft:recipes/misc/leather_horse_armor": {
    "criteria": {
      "has_leather": "2024-07-27 03:51:58 +0000"
    },
    "done": true
  },
  "minecraft:recipes/decorations/item_frame": {
    "criteria": {
      "has_leather": "2024-07-27 03:51:58 +0000"
    },
    "done": true
  },
  "usefulbackpacks:recipes/backpack_small": {
    "criteria": {
      "has_leather": "2024-07-27 03:51:58 +0000"
    },
    "done": true
  },
  "minecraft:recipes/combat/leather_boots": {
    "criteria": {
      "has_leather": "2024-07-27 03:51:58 +0000"
    },
    "done": true
  },
  "minecraft:recipes/combat/leather_leggings": {
    "criteria": {
      "has_leather": "2024-07-27 03:51:58 +0000"
    },
    "done": true
  },
  "usefulbackpacks:recipes/filter_configurator": {
    "criteria": {
      "has_leather": "2024-07-27 03:51:58 +0000"
    },
    "done": true
  },
  "minecraft:recipes/building_blocks/emerald_block": {
    "criteria": {
      "has_emerald": "2024-07-27 03:52:01 +0000"
    },
    "done": true
  },
  "minecraft:recipes/food/baked_potato_from_campfire_cooking": {
    "criteria": {
      "has_potato": "2024-07-27 03:52:03 +0000"
    },
    "done": true
  },
  "minecraft:recipes/food/baked_potato": {
    "criteria": {
      "has_potato": "2024-07-27 03:52:03 +0000"
    },
    "done": true
  },
  "minecraft:recipes/food/baked_potato_from_smoking": {
    "criteria": {
      "has_potato": "2024-07-27 03:52:03 +0000"
    },
    "done": true
  },
  "minecraft:recipes/decorations/oak_sign": {
    "criteria": {
      "has_planks": "2024-07-27 03:52:07 +0000"
    },
    "done": true
  },
  "minecraft:recipes/building_blocks/oak_slab": {
    "criteria": {
      "has_planks": "2024-07-27 03:52:07 +0000"
    },
    "done": true
  },
  "minecraft:recipes/redstone/oak_fence_gate": {
    "criteria": {
      "has_planks": "2024-07-27 03:52:07 +0000"
    },
    "done": true
  },
  "minecraft:recipes/redstone/oak_door": {
    "criteria": {
      "has_planks": "2024-07-27 03:52:07 +0000"
    },
    "done": true
  },
  "decorative_blocks:recipes/building_blocks/oak_seat": {
    "criteria": {
      "has_plank": "2024-07-27 03:52:07 +0000"
    },
    "done": true
  },
  "minecraft:recipes/redstone/oak_trapdoor": {
    "criteria": {
      "has_planks": "2024-07-27 03:52:07 +0000"
    },
    "done": true
  },
  "minecraft:recipes/building_blocks/oak_stairs": {
    "criteria": {
      "has_planks": "2024-07-27 03:52:07 +0000"
    },
    "done": true
  },
  "minecraft:recipes/decorations/oak_fence": {
    "criteria": {
      "has_planks": "2024-07-27 03:52:07 +0000"
    },
    "done": true
  },
  "decorative_blocks:recipes/building_blocks/oak_support": {
    "criteria": {
      "has_plank": "2024-07-27 03:52:07 +0000"
    },
    "done": true
  },
  "minecraft:recipes/redstone/oak_button": {
    "criteria": {
      "has_planks": "2024-07-27 03:52:07 +0000"
    },
    "done": true
  },
  "minecraft:recipes/redstone/oak_pressure_plate": {
    "criteria": {
      "has_planks": "2024-07-27 03:52:07 +0000"
    },
    "done": true
  },
  "create:recipes/building_blocks/oak_window": {
    "criteria": {
      "has_ingredient": "2024-07-27 03:52:07 +0000"
    },
    "done": true
  },
  "minecraft:husbandry/root": {
    "criteria": {
      "consumed_item": "2024-07-27 03:53:30 +0000"
    },
    "done": true
  },
  "minecraft:husbandry/balanced_diet": {
    "criteria": {
      "baked_potato": "2024-07-27 03:53:30 +0000"
    },
    "done": false
  },
  "minecraft:story/mine_stone": {
    "criteria": {
      "get_stone": "2024-07-27 03:54:23 +0000"
    },
    "done": true
  },
  "minecraft:recipes/decorations/furnace": {
    "criteria": {
      "has_cobblestone": "2024-07-27 03:54:23 +0000"
    },
    "done": true
  },
  "minecraft:recipes/building_blocks/cobblestone_slab_from_cobblestone_stonecutting": {
    "criteria": {
      "has_cobblestone": "2024-07-27 03:54:23 +0000"
    },
    "done": true
  },
  "minecraft:recipes/building_blocks/stone": {
    "criteria": {
      "has_cobblestone": "2024-07-27 03:54:23 +0000"
    },
    "done": true
  },
  "minecraft:recipes/tools/stone_pickaxe": {
    "criteria": {
      "has_cobblestone": "2024-07-27 03:54:23 +0000"
    },
    "done": true
  },
  "minecraft:recipes/building_blocks/cobblestone_slab": {
    "criteria": {
      "has_cobblestone": "2024-07-27 03:54:23 +0000"
    },
    "done": true
  },
  "minecraft:recipes/decorations/cobblestone_wall_from_cobblestone_stonecutting": {
    "criteria": {
      "has_cobblestone": "2024-07-27 03:54:23 +0000"
    },
    "done": true
  },
  "minecraft:recipes/building_blocks/cobblestone_stairs": {
    "criteria": {
      "has_cobblestone": "2024-07-27 03:54:23 +0000"
    },
    "done": true
  },
  "minecraft:recipes/tools/stone_shovel": {
    "criteria": {
      "has_cobblestone": "2024-07-27 03:54:23 +0000"
    },
    "done": true
  },
  "minecraft:recipes/redstone/lever": {
    "criteria": {
      "has_cobblestone": "2024-07-27 03:54:23 +0000"
    },
    "done": true
  },
  "minecraft:recipes/combat/stone_sword": {
    "criteria": {
      "has_cobblestone": "2024-07-27 03:54:23 +0000"
    },
    "done": true
  },
  "minecraft:recipes/decorations/cobblestone_wall": {
    "criteria": {
      "has_cobblestone": "2024-07-27 03:54:23 +0000"
    },
    "done": true
  },
  "minecraft:recipes/tools/stone_axe": {
    "criteria": {
      "has_cobblestone": "2024-07-27 03:54:23 +0000"
    },
    "done": true
  },
  "minecraft:recipes/building_blocks/cobblestone_stairs_from_cobblestone_stonecutting": {
    "criteria": {
      "has_cobblestone": "2024-07-27 03:54:23 +0000"
    },
    "done": true
  },
  "minecraft:recipes/tools/stone_hoe": {
    "criteria": {
      "has_cobblestone": "2024-07-27 03:54:23 +0000"
    },
    "done": true
  },
  "minecraft:recipes/decorations/torch": {
    "criteria": {
      "has_stone_pickaxe": "2024-07-27 03:54:54 +0000"
    },
    "done": true
  },
  "minecraft:story/upgrade_tools": {
    "criteria": {
      "stone_pickaxe": "2024-07-27 03:54:54 +0000"
    },
    "done": true
  },
  "minecraft:recipes/building_blocks/coal_block": {
    "criteria": {
      "has_coal": "2024-07-27 03:54:58 +0000"
    },
    "done": true
  },
  "betternether:recipes/building_blocks/whispering_gourd_lantern": {
    "criteria": {
      "has_torch": "2024-07-27 03:55:25 +0000"
    },
    "done": true
  },
  "decorative_blocks:recipes/decorations/chandelier": {
    "criteria": {
      "has_torch": "2024-07-27 03:55:25 +0000"
    },
    "done": true
  },
  "decorative_blocks:recipes/decorations/torch_from_chandelier": {
    "criteria": {
      "has_torch": "2024-07-27 03:55:25 +0000"
    },
    "done": true
  },
  "minecraft:recipes/building_blocks/raw_iron_block": {
    "criteria": {
      "has_raw_iron": "2024-07-27 03:56:15 +0000"
    },
    "done": true
  },
  "minecraft:recipes/misc/iron_ingot_from_blasting_raw_iron": {
    "criteria": {
      "has_raw_iron": "2024-07-27 03:56:15 +0000"
    },
    "done": true
  },
  "minecraft:recipes/misc/iron_ingot_from_smelting_raw_iron": {
    "criteria": {
      "has_raw_iron": "2024-07-27 03:56:15 +0000"
    },
    "done": true
  },
  "minecraft:recipes/decorations/smoker": {
    "criteria": {
      "has_furnace": "2024-07-27 03:58:37 +0000"
    },
    "done": true
  },
  "minecraft:recipes/building_blocks/clay": {
    "criteria": {
      "has_clay_ball": "2024-07-27 03:58:53 +0000"
    },
    "done": true
  },
  "minecraft:recipes/misc/brick": {
    "criteria": {
      "has_clay_ball": "2024-07-27 03:58:53 +0000"
    },
    "done": true
  },
  "bclib:recipes/tools/tag_compass": {
    "criteria": {
      "has_tag_c_iron_ingots": "2024-07-27 04:00:19 +0000"
    },
    "done": true
  },
  "minecraft:recipes/combat/iron_helmet": {
    "criteria": {
      "has_iron_ingot": "2024-07-27 04:00:19 +0000"
    },
    "done": true
  },
  "minecraft:recipes/tools/shears": {
    "criteria": {
      "has_iron_ingot": "2024-07-27 04:00:19 +0000"
    },
    "done": true
  },
  "minecraft:recipes/building_blocks/iron_block": {
    "criteria": {
      "has_iron_ingot": "2024-07-27 04:00:19 +0000"
    },
    "done": true
  },
  "create:recipes/misc/crafting/materials/andesite_alloy": {
    "criteria": {
      "has_item": "2024-07-27 04:00:19 +0000"
    },
    "done": true
  },
  "minecraft:recipes/redstone/hopper": {
    "criteria": {
      "has_iron_ingot": "2024-07-27 04:00:19 +0000"
    },
    "done": true
  },
  "minecraft:recipes/combat/iron_boots": {
    "criteria": {
      "has_iron_ingot": "2024-07-27 04:00:19 +0000"
    },
    "done": true
  },
  "minecraft:recipes/decorations/lantern": {
    "criteria": {
      "has_iron_ingot": "2024-07-27 04:00:19 +0000"
    },
    "done": true
  },
  "bclib:recipes/transportation/tag_minecart": {
    "criteria": {
      "has_tag_c_iron_ingots": "2024-07-27 04:00:19 +0000"
    },
    "done": true
  },
  "minecraft:recipes/tools/iron_shovel": {
    "criteria": {
      "has_iron_ingot": "2024-07-27 04:00:19 +0000"
    },
    "done": true
  },
  "decorative_blocks:recipes/building_blocks/chain": {
    "criteria": {
      "has_ingot": "2024-07-27 04:00:19 +0000"
    },
    "done": true
  },
  "mcwdoors:recipes/metal": {
    "criteria": {
      "has_wood": "2024-07-27 04:00:19 +0000"
    },
    "done": true
  },
  "bclib:recipes/misc/tag_bucket": {
    "criteria": {
      "has_tag_c_iron_ingots": "2024-07-27 04:00:19 +0000"
    },
    "done": true
  },
  "minecraft:recipes/redstone/iron_trapdoor": {
    "criteria": {
      "has_iron_ingot": "2024-07-27 04:00:19 +0000"
    },
    "done": true
  },
  "minecraft:recipes/combat/crossbow": {
    "criteria": {
      "has_iron_ingot": "2024-07-27 04:00:19 +0000"
    },
    "done": true
  },
  "decorative_blocks:recipes/building_blocks/bar_panel": {
    "criteria": {
      "has_ingot": "2024-07-27 04:00:19 +0000"
    },
    "done": true
  },
  "minecraft:recipes/redstone/heavy_weighted_pressure_plate": {
    "criteria": {
      "has_iron_ingot": "2024-07-27 04:00:19 +0000"
    },
    "done": true
  },
  "minecraft:recipes/combat/iron_leggings": {
    "criteria": {
      "has_iron_ingot": "2024-07-27 04:00:19 +0000"
    },
    "done": true
  },
  "create:recipes/building_blocks/industrial_iron_block_from_iron_ingots_stonecutting": {
    "criteria": {
      "has_iron_ingots": "2024-07-27 04:00:19 +0000"
    },
    "done": true
  },
  "minecraft:recipes/combat/iron_chestplate": {
    "criteria": {
      "has_iron_ingot": "2024-07-27 04:00:19 +0000"
    },
    "done": true
  },
  "minecraft:recipes/misc/iron_nugget": {
    "criteria": {
      "has_iron_ingot": "2024-07-27 04:00:19 +0000"
    },
    "done": true
  },
  "minecraft:recipes/misc/bucket": {
    "criteria": {
      "has_iron_ingot": "2024-07-27 04:00:19 +0000"
    },
    "done": true
  },
  "chiselsandbits:recipes/tools/measuring_tape": {
    "criteria": {
      "has_i": "2024-07-27 04:00:19 +0000"
    },
    "done": true
  },
  "minecraft:recipes/transportation/minecart": {
    "criteria": {
      "has_iron_ingot": "2024-07-27 04:00:19 +0000"
    },
    "done": true
  },
  "minecraft:recipes/tools/iron_hoe": {
    "criteria": {
      "has_iron_ingot": "2024-07-27 04:00:19 +0000"
    },
    "done": true
  },
  "minecraft:story/smelt_iron": {
    "criteria": {
      "iron": "2024-07-27 04:00:19 +0000"
    },
    "done": true
  },
  "ad_astra:recipes/misc/coal_generator": {
    "criteria": {
      "has_coal_generator": "2024-07-27 04:00:19 +0000"
    },
    "done": true
  },
  "minecraft:recipes/decorations/chain": {
    "criteria": {
      "has_iron_ingot": "2024-07-27 04:00:19 +0000"
    },
    "done": true
  },
  "ad_astra:recipes/compressing/compressing/iron_plate_from_compressing_iron_ingot": {
    "criteria": {
      "has_item": "2024-07-27 04:00:19 +0000"
    },
    "done": true
  },
  "minecraft:recipes/decorations/smithing_table": {
    "criteria": {
      "has_iron_ingot": "2024-07-27 04:00:19 +0000"
    },
    "done": true
  },
  "create:recipes/misc/crafting/kinetics/empty_blaze_burner": {
    "criteria": {
      "has_item": "2024-07-27 04:00:19 +0000"
    },
    "done": true
  },
  "minecraft:recipes/combat/iron_sword": {
    "criteria": {
      "has_iron_ingot": "2024-07-27 04:00:19 +0000"
    },
    "done": true
  },
  "minecraft:recipes/tools/iron_pickaxe": {
    "criteria": {
      "has_iron_ingot": "2024-07-27 04:00:19 +0000"
    },
    "done": true
  },
  "minecraft:recipes/combat/shield": {
    "criteria": {
      "has_iron_ingot": "2024-07-27 04:00:19 +0000"
    },
    "done": true
  },
  "minecraft:recipes/decorations/iron_bars": {
    "criteria": {
      "has_iron_ingot": "2024-07-27 04:00:19 +0000"
    },
    "done": true
  },
  "minecraft:recipes/tools/iron_axe": {
    "criteria": {
      "has_iron_ingot": "2024-07-27 04:00:19 +0000"
    },
    "done": true
  },
  "bclib:recipes/redstone/tag_hopper": {
    "criteria": {
      "has_tag_c_iron_ingots": "2024-07-27 04:00:19 +0000"
    },
    "done": true
  },
  "ad_astra:recipes/misc/compressor": {
    "criteria": {
      "has_compressor": "2024-07-27 04:00:19 +0000"
    },
    "done": true
  },
  "bclib:recipes/brewing/tag_cauldron": {
    "criteria": {
      "has_tag_c_iron_ingots": "2024-07-27 04:00:19 +0000"
    },
    "done": true
  },
  "bclib:recipes/decorations/tag_stonecutter": {
    "criteria": {
      "has_tag_c_iron_ingots": "2024-07-27 04:00:19 +0000"
    },
    "done": true
  },
  "minecraft:recipes/redstone/iron_door": {
    "criteria": {
      "has_iron_ingot": "2024-07-27 04:00:19 +0000"
    },
    "done": true
  },
  "minecraft:story/obtain_armor": {
    "criteria": {
      "iron_chestplate": "2024-07-27 04:00:34 +0000"
    },
    "done": true
  },
  "minecraft:recipes/misc/iron_nugget_from_smelting": {
    "criteria": {
      "has_iron_chestplate": "2024-07-27 04:00:34 +0000"
    },
    "done": true
  },
  "minecraft:recipes/misc/iron_nugget_from_blasting": {
    "criteria": {
      "has_iron_chestplate": "2024-07-27 04:00:34 +0000"
    },
    "done": true
  },
  "minecraft:story/iron_tools": {
    "criteria": {
      "iron_pickaxe": "2024-07-27 04:01:37 +0000"
    },
    "done": true
  },
  "create:recipes/misc/smelting/zinc_ingot_from_raw_ore": {
    "criteria": {
      "has_item": "2024-07-27 04:01:57 +0000"
    },
    "done": true
  },
  "create:recipes/misc/blasting/zinc_ingot_from_raw_ore": {
    "criteria": {
      "has_item": "2024-07-27 04:01:57 +0000"
    },
    "done": true
  },
  "create:recipes/misc/crafting/materials/raw_zinc_block": {
    "criteria": {
      "has_item": "2024-07-27 04:01:57 +0000"
    },
    "done": true
  },
  "minecraft:recipes/building_blocks/mossy_cobblestone_stairs_from_mossy_cobblestone_stonecutting": {
    "criteria": {
      "has_mossy_cobblestone": "2024-07-27 04:09:54 +0000"
    },
    "done": true
  },
  "minecraft:recipes/building_blocks/mossy_cobblestone_slab": {
    "criteria": {
      "has_mossy_cobblestone": "2024-07-27 04:09:54 +0000"
    },
    "done": true
  },
  "minecraft:recipes/building_blocks/mossy_cobblestone_stairs": {
    "criteria": {
      "has_mossy_cobblestone": "2024-07-27 04:09:54 +0000"
    },
    "done": true
  },
  "minecraft:recipes/building_blocks/mossy_cobblestone_slab_from_mossy_cobblestone_stonecutting": {
    "criteria": {
      "has_mossy_cobblestone": "2024-07-27 04:09:54 +0000"
    },
    "done": true
  },
  "minecraft:recipes/decorations/mossy_cobblestone_wall": {
    "criteria": {
      "has_mossy_cobblestone": "2024-07-27 04:09:54 +0000"
    },
    "done": true
  },
  "minecraft:recipes/decorations/mossy_cobblestone_wall_from_mossy_cobblestone_stonecutting": {
    "criteria": {
      "has_mossy_cobblestone": "2024-07-27 04:09:54 +0000"
    },
    "done": true
  },
  "DataVersion": 3465
}